,Station,Name,Sensor,Fecha,Valor
2426025,0011155030,CAPURGANA,0027,2022-10-24 17:00:00.000,94.0
2426026,0011155030,CAPURGANA,0027,2022-10-24 18:00:00.000,100.0
2426027,0011155030,CAPURGANA,0027,2022-10-24 19:00:00.000,100.0
2426028,0011155030,CAPURGANA,0027,2022-10-24 20:00:00.000,100.0
2426029,0011155030,CAPURGANA,0027,2022-10-24 21:00:00.000,100.0
2426030,0011155030,CAPURGANA,0027,2022-10-24 22:00:00.000,100.0
2426031,0011155030,CAPURGANA,0027,2022-10-24 23:00:00.000,100.0
2426032,0011155030,CAPURGANA,0027,2022-10-25 00:00:00.000,100.0
2426033,0011155030,CAPURGANA,0027,2022-10-25 01:00:00.000,100.0
2426034,0011155030,CAPURGANA,0027,2022-10-25 02:00:00.000,100.0
2426035,0011155030,CAPURGANA,0027,2022-10-25 03:00:00.000,100.0
2426036,0011155030,CAPURGANA,0027,2022-10-25 04:00:00.000,100.0
2426037,0011155030,CAPURGANA,0027,2022-10-25 05:00:00.000,100.0
2426038,0011155030,CAPURGANA,0027,2022-10-25 06:00:00.000,100.0
2426039,0011155030,CAPURGANA,0027,2022-10-25 07:00:00.000,100.0
2426040,0011155030,CAPURGANA,0027,2022-10-25 08:00:00.000,89.0
2426041,0011155030,CAPURGANA,0027,2022-10-25 09:00:00.000,81.0
2426042,0011155030,CAPURGANA,0027,2022-10-25 10:00:00.000,83.0
2426043,0011155030,CAPURGANA,0027,2022-10-25 11:00:00.000,82.0
2426044,0011155030,CAPURGANA,0027,2022-10-25 12:00:00.000,86.0
2426045,0011155030,CAPURGANA,0027,2022-10-25 13:00:00.000,100.0
2426046,0011155030,CAPURGANA,0027,2022-10-25 14:00:00.000,100.0
2426047,0011155030,CAPURGANA,0027,2022-10-25 15:00:00.000,100.0
2426048,0011155030,CAPURGANA,0027,2022-10-25 16:00:00.000,100.0
2426049,0011155030,CAPURGANA,0027,2022-10-25 17:00:00.000,100.0
2426050,0011155030,CAPURGANA,0027,2022-10-25 18:00:00.000,100.0
2426051,0011155030,CAPURGANA,0027,2022-10-25 19:00:00.000,100.0
2426052,0011155030,CAPURGANA,0027,2022-10-25 20:00:00.000,100.0
2426053,0011155030,CAPURGANA,0027,2022-10-25 21:00:00.000,100.0
2426054,0011155030,CAPURGANA,0027,2022-10-25 22:00:00.000,100.0
2426055,0011155030,CAPURGANA,0027,2022-10-25 23:00:00.000,100.0
2426056,0011155030,CAPURGANA,0027,2022-10-26 00:00:00.000,100.0
2426057,0011155030,CAPURGANA,0027,2022-10-26 01:00:00.000,100.0
2426058,0011155030,CAPURGANA,0027,2022-10-26 02:00:00.000,100.0
2426059,0011155030,CAPURGANA,0027,2022-10-26 03:00:00.000,100.0
2426060,0011155030,CAPURGANA,0027,2022-10-26 04:00:00.000,100.0
2426061,0011155030,CAPURGANA,0027,2022-10-26 05:00:00.000,100.0
2426062,0011155030,CAPURGANA,0027,2022-10-26 06:00:00.000,100.0
2426063,0011155030,CAPURGANA,0027,2022-10-26 07:00:00.000,100.0
2426064,0011155030,CAPURGANA,0027,2022-10-26 08:00:00.000,99.0
2426065,0011155030,CAPURGANA,0027,2022-10-26 09:00:00.000,89.0
2426066,0011155030,CAPURGANA,0027,2022-10-26 10:00:00.000,92.0
2426067,0011155030,CAPURGANA,0027,2022-10-26 11:00:00.000,91.0
2426068,0011155030,CAPURGANA,0027,2022-10-26 12:00:00.000,86.0
2426069,0011155030,CAPURGANA,0027,2022-10-26 13:00:00.000,81.0
2426070,0011155030,CAPURGANA,0027,2022-10-26 14:00:00.000,78.0
2426071,0011155030,CAPURGANA,0027,2022-10-26 15:00:00.000,80.0
2426072,0011155030,CAPURGANA,0027,2022-10-26 16:00:00.000,92.0
2426073,0011155030,CAPURGANA,0027,2022-10-26 17:00:00.000,96.0
2426074,0011155030,CAPURGANA,0027,2022-10-26 18:00:00.000,98.0
2426075,0011155030,CAPURGANA,0027,2022-10-26 19:00:00.000,100.0
2426076,0011155030,CAPURGANA,0027,2022-10-26 20:00:00.000,100.0
2426077,0011155030,CAPURGANA,0027,2022-10-26 21:00:00.000,100.0
2426078,0011155030,CAPURGANA,0027,2022-10-26 22:00:00.000,100.0
2426079,0011155030,CAPURGANA,0027,2022-10-26 23:00:00.000,100.0
2426080,0011155030,CAPURGANA,0027,2022-10-27 00:00:00.000,99.0
2426081,0011155030,CAPURGANA,0027,2022-10-27 01:00:00.000,100.0
2426082,0011155030,CAPURGANA,0027,2022-10-27 02:00:00.000,91.0
2426083,0011155030,CAPURGANA,0027,2022-10-27 03:00:00.000,97.0
2426084,0011155030,CAPURGANA,0027,2022-10-27 04:00:00.000,100.0
2426085,0011155030,CAPURGANA,0027,2022-10-27 05:00:00.000,100.0
2426086,0011155030,CAPURGANA,0027,2022-10-27 06:00:00.000,100.0
2426087,0011155030,CAPURGANA,0027,2022-10-27 07:00:00.000,100.0
2426088,0011155030,CAPURGANA,0027,2022-10-27 08:00:00.000,100.0
2426089,0011155030,CAPURGANA,0027,2022-10-27 09:00:00.000,82.0
2426090,0011155030,CAPURGANA,0027,2022-10-27 10:00:00.000,78.0
2426091,0011155030,CAPURGANA,0027,2022-10-27 11:00:00.000,84.0
2426092,0011155030,CAPURGANA,0027,2022-10-27 12:00:00.000,79.0
2426093,0011155030,CAPURGANA,0027,2022-10-27 13:00:00.000,80.0
2426094,0011155030,CAPURGANA,0027,2022-10-27 14:00:00.000,79.0
2426095,0011155030,CAPURGANA,0027,2022-10-27 15:00:00.000,75.0
2426096,0011155030,CAPURGANA,0027,2022-10-27 16:00:00.000,82.0
2426097,0011155030,CAPURGANA,0027,2022-10-27 17:00:00.000,91.0
2426098,0011155030,CAPURGANA,0027,2022-10-27 18:00:00.000,93.0
2426099,0011155030,CAPURGANA,0027,2022-10-27 19:00:00.000,96.0
2426100,0011155030,CAPURGANA,0027,2022-10-27 20:00:00.000,99.0
2426101,0011155030,CAPURGANA,0027,2022-10-27 21:00:00.000,98.0
2426102,0011155030,CAPURGANA,0027,2022-10-27 22:00:00.000,99.0
2426103,0011155030,CAPURGANA,0027,2022-10-27 23:00:00.000,99.0
2426104,0011155030,CAPURGANA,0027,2022-10-28 00:00:00.000,99.0
2426105,0011155030,CAPURGANA,0027,2022-10-28 01:00:00.000,100.0
2426106,0011155030,CAPURGANA,0027,2022-10-28 02:00:00.000,100.0
2426107,0011155030,CAPURGANA,0027,2022-10-28 03:00:00.000,100.0
2426108,0011155030,CAPURGANA,0027,2022-10-28 04:00:00.000,99.0
2426109,0011155030,CAPURGANA,0027,2022-10-28 05:00:00.000,100.0
2426110,0011155030,CAPURGANA,0027,2022-10-28 06:00:00.000,100.0
2426111,0011155030,CAPURGANA,0027,2022-10-28 07:00:00.000,100.0
2426112,0011155030,CAPURGANA,0027,2022-10-28 08:00:00.000,90.0
2426113,0011155030,CAPURGANA,0027,2022-10-28 09:00:00.000,78.0
2426114,0011155030,CAPURGANA,0027,2022-10-28 10:00:00.000,77.0
2426115,0011155030,CAPURGANA,0027,2022-10-28 11:00:00.000,74.0
2426116,0011155030,CAPURGANA,0027,2022-10-28 12:00:00.000,75.0
2426117,0011155030,CAPURGANA,0027,2022-10-28 13:00:00.000,74.0
2426118,0011155030,CAPURGANA,0027,2022-10-28 14:00:00.000,74.0
2426119,0011155030,CAPURGANA,0027,2022-10-28 15:00:00.000,70.0
2426120,0011155030,CAPURGANA,0027,2022-10-28 16:00:00.000,80.0
2426121,0011155030,CAPURGANA,0027,2022-10-28 17:00:00.000,83.0
2426122,0011155030,CAPURGANA,0027,2022-10-28 18:00:00.000,89.0
2426123,0011155030,CAPURGANA,0027,2022-10-28 19:00:00.000,91.0
2426124,0011155030,CAPURGANA,0027,2022-10-28 20:00:00.000,93.0
2426125,0011155030,CAPURGANA,0027,2022-10-28 21:00:00.000,94.0
2426126,0011155030,CAPURGANA,0027,2022-10-28 22:00:00.000,94.0
2426127,0011155030,CAPURGANA,0027,2022-10-28 23:00:00.000,95.0
2426128,0011155030,CAPURGANA,0027,2022-10-29 00:00:00.000,94.0
2426129,0011155030,CAPURGANA,0027,2022-10-29 01:00:00.000,94.0
2426130,0011155030,CAPURGANA,0027,2022-10-29 02:00:00.000,95.0
2426131,0011155030,CAPURGANA,0027,2022-10-29 03:00:00.000,96.0
2426132,0011155030,CAPURGANA,0027,2022-10-29 04:00:00.000,94.0
2426133,0011155030,CAPURGANA,0027,2022-10-29 05:00:00.000,94.0
2426134,0011155030,CAPURGANA,0027,2022-10-29 06:00:00.000,97.0
2426135,0011155030,CAPURGANA,0027,2022-10-29 07:00:00.000,98.0
2426136,0011155030,CAPURGANA,0027,2022-10-29 08:00:00.000,76.0
2426137,0011155030,CAPURGANA,0027,2022-10-29 09:00:00.000,78.0
2426138,0011155030,CAPURGANA,0027,2022-10-29 10:00:00.000,79.0
2426139,0011155030,CAPURGANA,0027,2022-10-29 11:00:00.000,79.0
2426140,0011155030,CAPURGANA,0027,2022-10-29 12:00:00.000,70.0
2426141,0011155030,CAPURGANA,0027,2022-10-29 13:00:00.000,71.0
2426142,0011155030,CAPURGANA,0027,2022-10-29 14:00:00.000,71.0
2426143,0011155030,CAPURGANA,0027,2022-10-29 15:00:00.000,73.0
2426144,0011155030,CAPURGANA,0027,2022-10-29 16:00:00.000,80.0
2426145,0011155030,CAPURGANA,0027,2022-10-29 17:00:00.000,88.0
2426146,0011155030,CAPURGANA,0027,2022-10-29 18:00:00.000,90.0
2426147,0011155030,CAPURGANA,0027,2022-10-29 19:00:00.000,94.0
2426148,0011155030,CAPURGANA,0027,2022-10-29 20:00:00.000,96.0
2426149,0011155030,CAPURGANA,0027,2022-10-29 21:00:00.000,94.0
2426150,0011155030,CAPURGANA,0027,2022-10-29 22:00:00.000,93.0
2426151,0011155030,CAPURGANA,0027,2022-10-29 23:00:00.000,93.0
2426152,0011155030,CAPURGANA,0027,2022-10-30 00:00:00.000,93.0
2426153,0011155030,CAPURGANA,0027,2022-10-30 01:00:00.000,93.0
2426154,0011155030,CAPURGANA,0027,2022-10-30 02:00:00.000,94.0
2426155,0011155030,CAPURGANA,0027,2022-10-30 03:00:00.000,93.0
2426156,0011155030,CAPURGANA,0027,2022-10-30 04:00:00.000,91.0
2426157,0011155030,CAPURGANA,0027,2022-10-30 05:00:00.000,92.0
2426158,0011155030,CAPURGANA,0027,2022-10-30 06:00:00.000,93.0
2426159,0011155030,CAPURGANA,0027,2022-10-30 07:00:00.000,80.0
2426160,0011155030,CAPURGANA,0027,2022-10-30 08:00:00.000,70.0
2426161,0011155030,CAPURGANA,0027,2022-10-30 09:00:00.000,67.0
2426162,0011155030,CAPURGANA,0027,2022-10-30 10:00:00.000,71.0
2426163,0011155030,CAPURGANA,0027,2022-10-30 11:00:00.000,70.0
2426164,0011155030,CAPURGANA,0027,2022-10-30 12:00:00.000,72.0
2426165,0011155030,CAPURGANA,0027,2022-10-30 13:00:00.000,72.0
2426166,0011155030,CAPURGANA,0027,2022-10-30 14:00:00.000,64.0
2426167,0011155030,CAPURGANA,0027,2022-10-30 15:00:00.000,67.0
2426168,0011155030,CAPURGANA,0027,2022-10-30 16:00:00.000,74.0
2426169,0011155030,CAPURGANA,0027,2022-10-30 17:00:00.000,84.0
2426170,0011155030,CAPURGANA,0027,2022-10-30 18:00:00.000,87.0
2426171,0011155030,CAPURGANA,0027,2022-10-30 19:00:00.000,89.0
2426172,0011155030,CAPURGANA,0027,2022-10-30 21:00:00.000,86.0
2426173,0011155030,CAPURGANA,0027,2022-10-30 22:00:00.000,88.0
2426174,0011155030,CAPURGANA,0027,2022-10-30 23:00:00.000,90.0
2426175,0011155030,CAPURGANA,0027,2022-10-31 00:00:00.000,72.0
2426176,0011155030,CAPURGANA,0027,2022-10-31 01:00:00.000,82.0
2426177,0011155030,CAPURGANA,0027,2022-10-31 02:00:00.000,87.0
2426178,0011155030,CAPURGANA,0027,2022-10-31 03:00:00.000,90.0
2426179,0011155030,CAPURGANA,0027,2022-10-31 04:00:00.000,89.0
2426180,0011155030,CAPURGANA,0027,2022-10-31 05:00:00.000,92.0
2426181,0011155030,CAPURGANA,0027,2022-10-31 06:00:00.000,97.0
2426182,0011155030,CAPURGANA,0027,2022-10-31 07:00:00.000,91.0
2426183,0011155030,CAPURGANA,0027,2022-10-31 08:00:00.000,68.0
2426184,0011155030,CAPURGANA,0027,2022-10-31 09:00:00.000,69.0
2426185,0011155030,CAPURGANA,0027,2022-10-31 10:00:00.000,75.0
2426186,0011155030,CAPURGANA,0027,2022-10-31 11:00:00.000,79.0
2426187,0011155030,CAPURGANA,0027,2022-10-31 12:00:00.000,81.0
2426188,0011155030,CAPURGANA,0027,2022-10-31 13:00:00.000,75.0
2426189,0011155030,CAPURGANA,0027,2022-10-31 14:00:00.000,73.0
2426190,0011155030,CAPURGANA,0027,2022-10-31 15:00:00.000,75.0
2426191,0011155030,CAPURGANA,0027,2022-10-31 16:00:00.000,80.0
2426192,0011155030,CAPURGANA,0027,2022-10-31 17:00:00.000,79.0
2426193,0011155030,CAPURGANA,0027,2022-10-31 18:00:00.000,82.0
2426194,0011155030,CAPURGANA,0027,2022-10-31 19:00:00.000,88.0
2426195,0011155030,CAPURGANA,0027,2022-10-31 20:00:00.000,88.0
2426196,0011155030,CAPURGANA,0027,2022-10-31 21:00:00.000,90.0
2426197,0011155030,CAPURGANA,0027,2022-10-31 22:00:00.000,92.0
2426198,0011155030,CAPURGANA,0027,2022-10-31 23:00:00.000,93.0
2426199,0011155030,CAPURGANA,0027,2022-11-01 00:00:00.000,93.0
2426200,0011155030,CAPURGANA,0027,2022-11-01 01:00:00.000,92.0
2426201,0011155030,CAPURGANA,0027,2022-11-01 02:00:00.000,94.0
2426202,0011155030,CAPURGANA,0027,2022-11-01 03:00:00.000,95.0
2426203,0011155030,CAPURGANA,0027,2022-11-01 04:00:00.000,96.0
2426204,0011155030,CAPURGANA,0027,2022-11-01 05:00:00.000,97.0
2426205,0011155030,CAPURGANA,0027,2022-11-01 06:00:00.000,97.0
2426206,0011155030,CAPURGANA,0027,2022-11-01 07:00:00.000,96.0
2426207,0011155030,CAPURGANA,0027,2022-11-01 08:00:00.000,72.0
2426208,0011155030,CAPURGANA,0027,2022-11-01 09:00:00.000,76.0
2426209,0011155030,CAPURGANA,0027,2022-11-01 10:00:00.000,75.0
2426210,0011155030,CAPURGANA,0027,2022-11-01 11:00:00.000,86.0
2426211,0011155030,CAPURGANA,0027,2022-11-01 12:00:00.000,73.0
2426212,0011155030,CAPURGANA,0027,2022-11-01 13:00:00.000,76.0
2426213,0011155030,CAPURGANA,0027,2022-11-01 14:00:00.000,78.0
2426214,0011155030,CAPURGANA,0027,2022-11-01 15:00:00.000,74.0
2426215,0011155030,CAPURGANA,0027,2022-11-01 16:00:00.000,77.0
2426216,0011155030,CAPURGANA,0027,2022-11-01 17:00:00.000,88.0
2426217,0011155030,CAPURGANA,0027,2022-11-01 18:00:00.000,90.0
2426218,0011155030,CAPURGANA,0027,2022-11-01 19:00:00.000,90.0
2426219,0011155030,CAPURGANA,0027,2022-11-01 20:00:00.000,90.0
2426220,0011155030,CAPURGANA,0027,2022-11-01 21:00:00.000,91.0
2426221,0011155030,CAPURGANA,0027,2022-11-01 22:00:00.000,92.0
2426222,0011155030,CAPURGANA,0027,2022-11-01 23:00:00.000,95.0
2426223,0011155030,CAPURGANA,0027,2022-11-02 00:00:00.000,96.0
2426224,0011155030,CAPURGANA,0027,2022-11-02 01:00:00.000,99.0
2426225,0011155030,CAPURGANA,0027,2022-11-02 02:00:00.000,100.0
2426226,0011155030,CAPURGANA,0027,2022-11-02 03:00:00.000,22.0
2426227,0011155030,CAPURGANA,0027,2022-11-02 04:00:00.000,100.0
2426228,0011155030,CAPURGANA,0027,2022-11-02 05:00:00.000,99.0
2426229,0011155030,CAPURGANA,0027,2022-11-02 06:00:00.000,100.0
2426230,0011155030,CAPURGANA,0027,2022-11-02 07:00:00.000,1.0
2426231,0011155030,CAPURGANA,0027,2022-11-02 08:00:00.000,57.0
2426232,0011155030,CAPURGANA,0027,2022-11-02 09:00:00.000,0.0
2426233,0011155030,CAPURGANA,0027,2022-11-02 10:00:00.000,1.0
2426234,0011155030,CAPURGANA,0027,2022-11-02 11:00:00.000,84.0
2426235,0011155030,CAPURGANA,0027,2022-11-02 12:00:00.000,1.0
2426236,0011155030,CAPURGANA,0027,2022-11-02 13:00:00.000,20.0
2426237,0011155030,CAPURGANA,0027,2022-11-02 14:00:00.000,0.0
2426238,0011155030,CAPURGANA,0027,2022-11-02 15:00:00.000,99.0
2426239,0011155030,CAPURGANA,0027,2022-11-02 16:00:00.000,0.0
2426240,0011155030,CAPURGANA,0027,2022-11-02 17:00:00.000,20.0
2426241,0011155030,CAPURGANA,0027,2022-11-02 18:00:00.000,0.0
2426242,0011155030,CAPURGANA,0027,2022-11-02 19:00:00.000,0.0
2426243,0011155030,CAPURGANA,0027,2022-11-02 20:00:00.000,100.0
2426244,0011155030,CAPURGANA,0027,2022-11-02 21:00:00.000,0.0
2426245,0011155030,CAPURGANA,0027,2022-11-02 22:00:00.000,100.0
2426246,0011155030,CAPURGANA,0027,2022-11-02 23:00:00.000,22.0
2426247,0011155030,CAPURGANA,0027,2022-11-03 00:00:00.000,63.0
2426248,0011155030,CAPURGANA,0027,2022-11-03 01:00:00.000,100.0
2426249,0011155030,CAPURGANA,0027,2022-11-03 02:00:00.000,0.0
2426250,0011155030,CAPURGANA,0027,2022-11-03 03:00:00.000,27.0
2426251,0011155030,CAPURGANA,0027,2022-11-03 04:00:00.000,25.0
2426252,0011155030,CAPURGANA,0027,2022-11-03 05:00:00.000,62.0
2426253,0011155030,CAPURGANA,0027,2022-11-03 06:00:00.000,35.0
2426254,0011155030,CAPURGANA,0027,2022-11-03 07:00:00.000,1.0
2426255,0011155030,CAPURGANA,0027,2022-11-03 08:00:00.000,19.0
2426256,0011155030,CAPURGANA,0027,2022-11-03 09:00:00.000,100.0
2426257,0011155030,CAPURGANA,0027,2022-11-03 10:00:00.000,100.0
2426258,0011155030,CAPURGANA,0027,2022-11-03 11:00:00.000,0.0
2426259,0011155030,CAPURGANA,0027,2022-11-03 12:00:00.000,100.0
2426260,0011155030,CAPURGANA,0027,2022-11-03 13:00:00.000,100.0
2426261,0011155030,CAPURGANA,0027,2022-11-03 14:00:00.000,0.0
2426262,0011155030,CAPURGANA,0027,2022-11-03 15:00:00.000,0.0
2426263,0011155030,CAPURGANA,0027,2022-11-03 16:00:00.000,39.0
2426264,0011155030,CAPURGANA,0027,2022-11-03 17:00:00.000,0.0
2426265,0011155030,CAPURGANA,0027,2022-11-03 18:00:00.000,0.0
2426266,0011155030,CAPURGANA,0027,2022-11-03 19:00:00.000,0.0
2426267,0011155030,CAPURGANA,0027,2022-11-03 20:00:00.000,0.0
2426268,0011155030,CAPURGANA,0027,2022-11-03 21:00:00.000,0.0
2426269,0011155030,CAPURGANA,0027,2022-11-03 22:00:00.000,100.0
2426270,0011155030,CAPURGANA,0027,2022-11-03 23:00:00.000,54.0
2426271,0011155030,CAPURGANA,0027,2022-11-04 00:00:00.000,4.0
2426272,0011155030,CAPURGANA,0027,2022-11-04 01:00:00.000,1.0
2426273,0011155030,CAPURGANA,0027,2022-11-04 02:00:00.000,24.0
2426274,0011155030,CAPURGANA,0027,2022-11-04 03:00:00.000,100.0
2426275,0011155030,CAPURGANA,0027,2022-11-04 04:00:00.000,23.0
2426276,0011155030,CAPURGANA,0027,2022-11-04 05:00:00.000,20.0
2426277,0011155030,CAPURGANA,0027,2022-11-04 06:00:00.000,30.0
2426278,0011155030,CAPURGANA,0027,2022-11-04 07:00:00.000,93.0
2426279,0011155030,CAPURGANA,0027,2022-11-04 08:00:00.000,0.0
2426280,0011155030,CAPURGANA,0027,2022-11-04 09:00:00.000,0.0
2426281,0011155030,CAPURGANA,0027,2022-11-04 10:00:00.000,0.0
2426282,0011155030,CAPURGANA,0027,2022-11-04 11:00:00.000,19.0
2426283,0011155030,CAPURGANA,0027,2022-11-04 12:00:00.000,0.0
2426284,0011155030,CAPURGANA,0027,2022-11-04 13:00:00.000,100.0
2426285,0011155030,CAPURGANA,0027,2022-11-04 14:00:00.000,90.0
2426286,0011155030,CAPURGANA,0027,2022-11-04 15:00:00.000,1.0
2426287,0011155030,CAPURGANA,0027,2022-11-04 16:00:00.000,12.0
2426288,0011155030,CAPURGANA,0027,2022-11-04 17:00:00.000,1.0
2426289,0011155030,CAPURGANA,0027,2022-11-04 18:00:00.000,0.0
2426290,0011155030,CAPURGANA,0027,2022-11-04 19:00:00.000,0.0
2426291,0011155030,CAPURGANA,0027,2022-11-04 20:00:00.000,26.0
2426292,0011155030,CAPURGANA,0027,2022-11-04 21:00:00.000,1.0
2426293,0011155030,CAPURGANA,0027,2022-11-04 22:00:00.000,0.0
2426294,0011155030,CAPURGANA,0027,2022-11-04 23:00:00.000,60.0
2426295,0011155030,CAPURGANA,0027,2022-11-05 00:00:00.000,0.0
2426296,0011155030,CAPURGANA,0027,2022-11-05 01:00:00.000,100.0
2426297,0011155030,CAPURGANA,0027,2022-11-05 02:00:00.000,0.0
2426298,0011155030,CAPURGANA,0027,2022-11-05 03:00:00.000,0.0
2426299,0011155030,CAPURGANA,0027,2022-11-05 04:00:00.000,0.0
2426300,0011155030,CAPURGANA,0027,2022-11-05 05:00:00.000,0.0
2426301,0011155030,CAPURGANA,0027,2022-11-05 06:00:00.000,0.0
2426302,0011155030,CAPURGANA,0027,2022-11-05 07:00:00.000,33.0
2426303,0011155030,CAPURGANA,0027,2022-11-05 08:00:00.000,0.0
2426304,0011155030,CAPURGANA,0027,2022-11-05 09:00:00.000,0.0
2426305,0011155030,CAPURGANA,0027,2022-11-05 10:00:00.000,0.0
2426306,0011155030,CAPURGANA,0027,2022-11-05 11:00:00.000,0.0
2426307,0011155030,CAPURGANA,0027,2022-11-05 12:00:00.000,27.0
2426308,0011155030,CAPURGANA,0027,2022-11-05 13:00:00.000,0.0
2426309,0011155030,CAPURGANA,0027,2022-11-05 14:00:00.000,0.0
2426310,0011155030,CAPURGANA,0027,2022-11-05 15:00:00.000,0.0
2426311,0011155030,CAPURGANA,0027,2022-11-05 16:00:00.000,1.0
2426312,0011155030,CAPURGANA,0027,2022-11-05 17:00:00.000,23.0
2426313,0011155030,CAPURGANA,0027,2022-11-05 18:00:00.000,80.0
2426314,0011155030,CAPURGANA,0027,2022-11-05 19:00:00.000,100.0
2426315,0011155030,CAPURGANA,0027,2022-11-05 20:00:00.000,100.0
2426316,0011155030,CAPURGANA,0027,2022-11-05 21:00:00.000,0.0
2426317,0011155030,CAPURGANA,0027,2022-11-05 22:00:00.000,24.0
2426318,0011155030,CAPURGANA,0027,2022-11-05 23:00:00.000,32.0
2426319,0011155030,CAPURGANA,0027,2022-11-06 00:00:00.000,0.0
2426320,0011155030,CAPURGANA,0027,2022-11-06 01:00:00.000,0.0
2426321,0011155030,CAPURGANA,0027,2022-11-06 02:00:00.000,0.0
2426322,0011155030,CAPURGANA,0027,2022-11-06 03:00:00.000,0.0
2426323,0011155030,CAPURGANA,0027,2022-11-06 04:00:00.000,0.0
2426324,0011155030,CAPURGANA,0027,2022-11-06 05:00:00.000,0.0
2426325,0011155030,CAPURGANA,0027,2022-11-06 06:00:00.000,1.0
2426326,0011155030,CAPURGANA,0027,2022-11-06 07:00:00.000,1.0
2426327,0011155030,CAPURGANA,0027,2022-11-06 08:00:00.000,0.0
2426328,0011155030,CAPURGANA,0027,2022-11-06 09:00:00.000,0.0
2426329,0011155030,CAPURGANA,0027,2022-11-06 10:00:00.000,0.0
2426330,0011155030,CAPURGANA,0027,2022-11-06 11:00:00.000,0.0
2426331,0011155030,CAPURGANA,0027,2022-11-06 12:00:00.000,0.0
2426332,0011155030,CAPURGANA,0027,2022-11-06 13:00:00.000,0.0
2426333,0011155030,CAPURGANA,0027,2022-11-06 14:00:00.000,0.0
2426334,0011155030,CAPURGANA,0027,2022-11-06 15:00:00.000,0.0
2426335,0011155030,CAPURGANA,0027,2022-11-06 16:00:00.000,0.0
2426336,0011155030,CAPURGANA,0027,2022-11-06 17:00:00.000,0.0
2426337,0011155030,CAPURGANA,0027,2022-11-06 18:00:00.000,25.0
2426338,0011155030,CAPURGANA,0027,2022-11-06 19:00:00.000,0.0
2426339,0011155030,CAPURGANA,0027,2022-11-06 20:00:00.000,0.0
2426340,0011155030,CAPURGANA,0027,2022-11-06 22:00:00.000,0.0
2426341,0011155030,CAPURGANA,0027,2022-11-06 23:00:00.000,0.0
2426342,0011155030,CAPURGANA,0027,2022-11-07 00:00:00.000,0.0
2426343,0011155030,CAPURGANA,0027,2022-11-07 01:00:00.000,0.0
2426344,0011155030,CAPURGANA,0027,2022-11-07 02:00:00.000,0.0
2426345,0011155030,CAPURGANA,0027,2022-11-07 03:00:00.000,0.0
2426346,0011155030,CAPURGANA,0027,2022-11-07 04:00:00.000,0.0
2426347,0011155030,CAPURGANA,0027,2022-11-07 05:00:00.000,0.0
2426348,0011155030,CAPURGANA,0027,2022-11-07 06:00:00.000,0.0
2426349,0011155030,CAPURGANA,0027,2022-11-07 07:00:00.000,0.0
2426350,0011155030,CAPURGANA,0027,2022-11-07 08:00:00.000,0.0
2426351,0011155030,CAPURGANA,0027,2022-11-07 09:00:00.000,0.0
2426352,0011155030,CAPURGANA,0027,2022-11-07 10:00:00.000,1.0
2426353,0011155030,CAPURGANA,0027,2022-11-07 11:00:00.000,0.0
2426354,0011155030,CAPURGANA,0027,2022-11-07 12:00:00.000,0.0
2426355,0011155030,CAPURGANA,0027,2022-11-07 13:00:00.000,0.0
2426356,0011155030,CAPURGANA,0027,2022-11-07 14:00:00.000,0.0
2426357,0011155030,CAPURGANA,0027,2022-11-07 15:00:00.000,0.0
2426358,0011155030,CAPURGANA,0027,2022-11-07 16:00:00.000,0.0
2426359,0011155030,CAPURGANA,0027,2022-11-07 17:00:00.000,0.0
2426360,0011155030,CAPURGANA,0027,2022-11-07 18:00:00.000,0.0
2426361,0011155030,CAPURGANA,0027,2022-11-07 19:00:00.000,0.0
2426362,0011155030,CAPURGANA,0027,2022-11-07 20:00:00.000,0.0
2426363,0011155030,CAPURGANA,0027,2022-11-07 21:00:00.000,0.0
2426364,0011155030,CAPURGANA,0027,2022-11-07 22:00:00.000,0.0
2426365,0011155030,CAPURGANA,0027,2022-11-07 23:00:00.000,0.0
2426366,0011155030,CAPURGANA,0027,2022-11-08 00:00:00.000,0.0
2426367,0011155030,CAPURGANA,0027,2022-11-08 01:00:00.000,20.0
2426368,0011155030,CAPURGANA,0027,2022-11-08 02:00:00.000,2.0
2426369,0011155030,CAPURGANA,0027,2022-11-08 03:00:00.000,0.0
2426370,0011155030,CAPURGANA,0027,2022-11-08 04:00:00.000,1.0
2426371,0011155030,CAPURGANA,0027,2022-11-08 05:00:00.000,0.0
2426372,0011155030,CAPURGANA,0027,2022-11-08 06:00:00.000,0.0
2426373,0011155030,CAPURGANA,0027,2022-11-08 07:00:00.000,0.0
2426374,0011155030,CAPURGANA,0027,2022-11-08 08:00:00.000,1.0
2426375,0011155030,CAPURGANA,0027,2022-11-08 09:00:00.000,0.0
2426376,0011155030,CAPURGANA,0027,2022-11-08 10:00:00.000,0.0
2426377,0011155030,CAPURGANA,0027,2022-11-08 11:00:00.000,0.0
2426378,0011155030,CAPURGANA,0027,2022-11-08 12:00:00.000,22.0
2426379,0011155030,CAPURGANA,0027,2022-11-08 13:00:00.000,0.0
2426380,0011155030,CAPURGANA,0027,2022-11-08 14:00:00.000,0.0
2426381,0011155030,CAPURGANA,0027,2022-11-08 15:00:00.000,1.0
2426382,0011155030,CAPURGANA,0027,2022-11-08 16:00:00.000,0.0
2426383,0011155030,CAPURGANA,0027,2022-11-08 17:00:00.000,20.0
2426384,0011155030,CAPURGANA,0027,2022-11-08 18:00:00.000,0.0
2426385,0011155030,CAPURGANA,0027,2022-11-08 19:00:00.000,0.0
2426386,0011155030,CAPURGANA,0027,2022-11-08 20:00:00.000,0.0
2426387,0011155030,CAPURGANA,0027,2022-11-08 21:00:00.000,0.0
2426388,0011155030,CAPURGANA,0027,2022-11-08 22:00:00.000,0.0
2426389,0011155030,CAPURGANA,0027,2022-11-08 23:00:00.000,0.0
2426390,0011155030,CAPURGANA,0027,2022-11-09 00:00:00.000,1.0
2426391,0011155030,CAPURGANA,0027,2022-11-09 01:00:00.000,0.0
2426392,0011155030,CAPURGANA,0027,2022-11-09 02:00:00.000,0.0
2426393,0011155030,CAPURGANA,0027,2022-11-09 03:00:00.000,23.0
2426394,0011155030,CAPURGANA,0027,2022-11-09 04:00:00.000,1.0
2426395,0011155030,CAPURGANA,0027,2022-11-09 05:00:00.000,0.0
2426396,0011155030,CAPURGANA,0027,2022-11-09 06:00:00.000,1.0
2426397,0011155030,CAPURGANA,0027,2022-11-09 07:00:00.000,0.0
2426398,0011155030,CAPURGANA,0027,2022-11-09 08:00:00.000,20.0
2426399,0011155030,CAPURGANA,0027,2022-11-09 09:00:00.000,0.0
2426400,0011155030,CAPURGANA,0027,2022-11-09 10:00:00.000,0.0
2426401,0011155030,CAPURGANA,0027,2022-11-09 11:00:00.000,0.0
2426402,0011155030,CAPURGANA,0027,2022-11-09 12:00:00.000,1.0
2426403,0011155030,CAPURGANA,0027,2022-11-09 13:00:00.000,100.0
2426404,0011155030,CAPURGANA,0027,2022-11-09 14:00:00.000,40.0
2426405,0011155030,CAPURGANA,0027,2022-11-09 15:00:00.000,0.0
2426406,0011155030,CAPURGANA,0027,2022-11-09 16:00:00.000,20.0
2426407,0011155030,CAPURGANA,0027,2022-11-09 17:00:00.000,33.0
2426408,0011155030,CAPURGANA,0027,2022-11-09 18:00:00.000,22.0
2426409,0011155030,CAPURGANA,0027,2022-11-09 19:00:00.000,1.0
2426410,0011155030,CAPURGANA,0027,2022-11-09 21:00:00.000,0.0
2426411,0011155030,CAPURGANA,0027,2022-11-09 23:00:00.000,23.0
2426412,0011155030,CAPURGANA,0027,2022-11-10 00:00:00.000,0.0
2426413,0011155030,CAPURGANA,0027,2022-11-10 01:00:00.000,25.0
2426414,0011155030,CAPURGANA,0027,2022-11-10 02:00:00.000,0.0
2426415,0011155030,CAPURGANA,0027,2022-11-10 03:00:00.000,0.0
2426416,0011155030,CAPURGANA,0027,2022-11-10 04:00:00.000,0.0
2426417,0011155030,CAPURGANA,0027,2022-11-10 05:00:00.000,0.0
2426418,0011155030,CAPURGANA,0027,2022-11-10 06:00:00.000,0.0
2426419,0011155030,CAPURGANA,0027,2022-11-10 07:00:00.000,1.0
2426420,0011155030,CAPURGANA,0027,2022-11-10 08:00:00.000,0.0
2426421,0011155030,CAPURGANA,0027,2022-11-10 09:00:00.000,0.0
2426422,0011155030,CAPURGANA,0027,2022-11-10 10:00:00.000,0.0
2426423,0011155030,CAPURGANA,0027,2022-11-10 11:00:00.000,0.0
2426424,0011155030,CAPURGANA,0027,2022-11-10 12:00:00.000,1.0
2426425,0011155030,CAPURGANA,0027,2022-11-10 13:00:00.000,0.0
2426426,0011155030,CAPURGANA,0027,2022-11-10 14:00:00.000,0.0
2426427,0011155030,CAPURGANA,0027,2022-11-10 15:00:00.000,20.0
2426428,0011155030,CAPURGANA,0027,2022-11-10 16:00:00.000,0.0
2426429,0011155030,CAPURGANA,0027,2022-11-10 17:00:00.000,0.0
2426430,0011155030,CAPURGANA,0027,2022-11-10 18:00:00.000,26.0
2426431,0011155030,CAPURGANA,0027,2022-11-10 19:00:00.000,17.0
2426432,0011155030,CAPURGANA,0027,2022-11-10 20:00:00.000,0.0
2426433,0011155030,CAPURGANA,0027,2022-11-10 21:00:00.000,0.0
2426434,0011155030,CAPURGANA,0027,2022-11-10 22:00:00.000,1.0
2426435,0011155030,CAPURGANA,0027,2022-11-10 23:00:00.000,1.0
2426436,0011155030,CAPURGANA,0027,2022-11-11 00:00:00.000,1.0
2426437,0011155030,CAPURGANA,0027,2022-11-11 01:00:00.000,1.0
2426438,0011155030,CAPURGANA,0027,2022-11-11 02:00:00.000,1.0
2426439,0011155030,CAPURGANA,0027,2022-11-11 03:00:00.000,0.0
2426440,0011155030,CAPURGANA,0027,2022-11-11 04:00:00.000,0.0
2426441,0011155030,CAPURGANA,0027,2022-11-11 05:00:00.000,1.0
2426442,0011155030,CAPURGANA,0027,2022-11-11 06:00:00.000,0.0
2426443,0011155030,CAPURGANA,0027,2022-11-11 07:00:00.000,0.0
2426444,0011155030,CAPURGANA,0027,2022-11-11 08:00:00.000,0.0
2426445,0011155030,CAPURGANA,0027,2022-11-11 09:00:00.000,1.0
2426446,0011155030,CAPURGANA,0027,2022-11-11 10:00:00.000,0.0
2426447,0011155030,CAPURGANA,0027,2022-11-11 11:00:00.000,0.0
2426448,0011155030,CAPURGANA,0027,2022-11-11 12:00:00.000,0.0
2426449,0011155030,CAPURGANA,0027,2022-11-11 13:00:00.000,0.0
2426450,0011155030,CAPURGANA,0027,2022-11-11 14:00:00.000,0.0
2426451,0011155030,CAPURGANA,0027,2022-11-11 15:00:00.000,0.0
2426452,0011155030,CAPURGANA,0027,2022-11-11 16:00:00.000,0.0
2426453,0011155030,CAPURGANA,0027,2022-11-11 17:00:00.000,0.0
2426454,0011155030,CAPURGANA,0027,2022-11-11 18:00:00.000,0.0
2426455,0011155030,CAPURGANA,0027,2022-11-11 19:00:00.000,0.0
2426456,0011155030,CAPURGANA,0027,2022-11-11 20:00:00.000,0.0
2426457,0011155030,CAPURGANA,0027,2022-11-11 21:00:00.000,0.0
2426458,0011155030,CAPURGANA,0027,2022-11-11 22:00:00.000,0.0
2426459,0011155030,CAPURGANA,0027,2022-11-11 23:00:00.000,0.0
2426460,0011155030,CAPURGANA,0027,2022-11-12 00:00:00.000,0.0
2426461,0011155030,CAPURGANA,0027,2022-11-12 01:00:00.000,1.0
2426462,0011155030,CAPURGANA,0027,2022-11-12 02:00:00.000,0.0
2426463,0011155030,CAPURGANA,0027,2022-11-12 03:00:00.000,1.0
2426464,0011155030,CAPURGANA,0027,2022-11-12 04:00:00.000,1.0
2426465,0011155030,CAPURGANA,0027,2022-11-12 05:00:00.000,0.0
2426466,0011155030,CAPURGANA,0027,2022-11-12 06:00:00.000,0.0
2426467,0011155030,CAPURGANA,0027,2022-11-12 07:00:00.000,0.0
2426468,0011155030,CAPURGANA,0027,2022-11-12 08:00:00.000,0.0
2426469,0011155030,CAPURGANA,0027,2022-11-12 09:00:00.000,0.0
2426470,0011155030,CAPURGANA,0027,2022-11-12 10:00:00.000,0.0
2426471,0011155030,CAPURGANA,0027,2022-11-12 11:00:00.000,0.0
2426472,0011155030,CAPURGANA,0027,2022-11-12 12:00:00.000,100.0
2426473,0011155030,CAPURGANA,0027,2022-11-12 13:00:00.000,1.0
2426474,0011155030,CAPURGANA,0027,2022-11-12 14:00:00.000,100.0
2426475,0011155030,CAPURGANA,0027,2022-11-12 15:00:00.000,0.0
2426476,0011155030,CAPURGANA,0027,2022-11-12 16:00:00.000,52.0
2426477,0011155030,CAPURGANA,0027,2022-11-12 17:00:00.000,0.0
2426478,0011155030,CAPURGANA,0027,2022-11-12 18:00:00.000,0.0
2426479,0011155030,CAPURGANA,0027,2022-11-12 19:00:00.000,1.0
2426480,0011155030,CAPURGANA,0027,2022-11-12 20:00:00.000,26.0
2426481,0011155030,CAPURGANA,0027,2022-11-12 21:00:00.000,0.0
2426482,0011155030,CAPURGANA,0027,2022-11-12 22:00:00.000,0.0
2426483,0011155030,CAPURGANA,0027,2022-11-12 23:00:00.000,0.0
2426484,0011155030,CAPURGANA,0027,2022-11-13 00:00:00.000,1.0
2426485,0011155030,CAPURGANA,0027,2022-11-13 01:00:00.000,0.0
2426486,0011155030,CAPURGANA,0027,2022-11-13 02:00:00.000,56.0
2426487,0011155030,CAPURGANA,0027,2022-11-13 03:00:00.000,0.0
2426488,0011155030,CAPURGANA,0027,2022-11-13 04:00:00.000,0.0
2426489,0011155030,CAPURGANA,0027,2022-11-13 05:00:00.000,1.0
2426490,0011155030,CAPURGANA,0027,2022-11-13 06:00:00.000,0.0
2426491,0011155030,CAPURGANA,0027,2022-11-13 07:00:00.000,0.0
2426492,0011155030,CAPURGANA,0027,2022-11-13 08:00:00.000,0.0
2426493,0011155030,CAPURGANA,0027,2022-11-13 09:00:00.000,0.0
2426494,0011155030,CAPURGANA,0027,2022-11-13 10:00:00.000,0.0
2426495,0011155030,CAPURGANA,0027,2022-11-13 11:00:00.000,0.0
2426496,0011155030,CAPURGANA,0027,2022-11-13 12:00:00.000,0.0
2426497,0011155030,CAPURGANA,0027,2022-11-13 13:00:00.000,0.0
2426498,0011155030,CAPURGANA,0027,2022-11-13 14:00:00.000,0.0
2426499,0011155030,CAPURGANA,0027,2022-11-13 15:00:00.000,1.0
2426500,0011155030,CAPURGANA,0027,2022-11-13 16:00:00.000,0.0
2426501,0011155030,CAPURGANA,0027,2022-11-13 17:00:00.000,0.0
2426502,0011155030,CAPURGANA,0027,2022-11-13 18:00:00.000,1.0
2426503,0011155030,CAPURGANA,0027,2022-11-13 19:00:00.000,1.0
2426504,0011155030,CAPURGANA,0027,2022-11-13 21:00:00.000,1.0
2426505,0011155030,CAPURGANA,0027,2022-11-13 22:00:00.000,1.0
2426506,0011155030,CAPURGANA,0027,2022-11-13 23:00:00.000,1.0
2426507,0011155030,CAPURGANA,0027,2022-11-14 00:00:00.000,1.0
2426508,0011155030,CAPURGANA,0027,2022-11-14 01:00:00.000,1.0
2426509,0011155030,CAPURGANA,0027,2022-11-14 02:00:00.000,1.0
2426510,0011155030,CAPURGANA,0027,2022-11-14 03:00:00.000,1.0
2426511,0011155030,CAPURGANA,0027,2022-11-14 04:00:00.000,0.0
2426512,0011155030,CAPURGANA,0027,2022-11-14 05:00:00.000,1.0
2426513,0011155030,CAPURGANA,0027,2022-11-14 06:00:00.000,0.0
2426514,0011155030,CAPURGANA,0027,2022-11-14 07:00:00.000,0.0
2426515,0011155030,CAPURGANA,0027,2022-11-14 08:00:00.000,0.0
2426516,0011155030,CAPURGANA,0027,2022-11-14 09:00:00.000,1.0
2426517,0011155030,CAPURGANA,0027,2022-11-14 10:00:00.000,0.0
2426518,0011155030,CAPURGANA,0027,2022-11-14 11:00:00.000,0.0
2426519,0011155030,CAPURGANA,0027,2022-11-14 12:00:00.000,0.0
2426520,0011155030,CAPURGANA,0027,2022-11-14 13:00:00.000,0.0
2426521,0011155030,CAPURGANA,0027,2022-11-14 14:00:00.000,0.0
2426522,0011155030,CAPURGANA,0027,2022-11-14 15:00:00.000,0.0
2426523,0011155030,CAPURGANA,0027,2022-11-14 16:00:00.000,0.0
2426524,0011155030,CAPURGANA,0027,2022-11-14 17:00:00.000,0.0
2426525,0011155030,CAPURGANA,0027,2022-11-14 18:00:00.000,0.0
2426526,0011155030,CAPURGANA,0027,2022-11-14 19:00:00.000,0.0
2426527,0011155030,CAPURGANA,0027,2022-11-14 20:00:00.000,0.0
2426528,0011155030,CAPURGANA,0027,2022-11-14 21:00:00.000,0.0
2426529,0011155030,CAPURGANA,0027,2022-11-14 22:00:00.000,1.0
2426530,0011155030,CAPURGANA,0027,2022-11-14 23:00:00.000,0.0
2426531,0011155030,CAPURGANA,0027,2022-11-15 01:00:00.000,0.0
2426532,0011155030,CAPURGANA,0027,2022-11-15 02:00:00.000,0.0
2426533,0011155030,CAPURGANA,0027,2022-11-15 04:00:00.000,0.0
2426534,0011155030,CAPURGANA,0027,2022-11-15 05:00:00.000,0.0
2426535,0011155030,CAPURGANA,0027,2022-11-15 06:00:00.000,0.0
2426536,0011155030,CAPURGANA,0027,2022-11-15 07:00:00.000,20.0
2426537,0011155030,CAPURGANA,0027,2022-11-15 08:00:00.000,0.0
2426538,0011155030,CAPURGANA,0027,2022-11-15 09:00:00.000,0.0
2426539,0011155030,CAPURGANA,0027,2022-11-15 10:00:00.000,0.0
2426540,0011155030,CAPURGANA,0027,2022-11-15 11:00:00.000,0.0
2426541,0011155030,CAPURGANA,0027,2022-11-15 12:00:00.000,0.0
2426542,0011155030,CAPURGANA,0027,2022-11-15 13:00:00.000,0.0
2426543,0011155030,CAPURGANA,0027,2022-11-15 14:00:00.000,0.0
2426544,0011155030,CAPURGANA,0027,2022-11-15 15:00:00.000,1.0
2426545,0011155030,CAPURGANA,0027,2022-11-15 16:00:00.000,0.0
2426546,0011155030,CAPURGANA,0027,2022-11-15 17:00:00.000,0.0
2426547,0011155030,CAPURGANA,0027,2022-11-15 18:00:00.000,0.0
2426548,0011155030,CAPURGANA,0027,2022-11-15 19:00:00.000,0.0
2426549,0011155030,CAPURGANA,0027,2022-11-15 20:00:00.000,0.0
2426550,0011155030,CAPURGANA,0027,2022-11-15 23:00:00.000,1.0
2426551,0011155030,CAPURGANA,0027,2022-11-16 00:00:00.000,0.0
2426552,0011155030,CAPURGANA,0027,2022-11-16 01:00:00.000,0.0
2426553,0011155030,CAPURGANA,0027,2022-11-16 02:00:00.000,1.0
2426554,0011155030,CAPURGANA,0027,2022-11-16 03:00:00.000,1.0
2426555,0011155030,CAPURGANA,0027,2022-11-16 04:00:00.000,0.0
2426556,0011155030,CAPURGANA,0027,2022-11-16 05:00:00.000,24.0
2426557,0011155030,CAPURGANA,0027,2022-11-16 06:00:00.000,0.0
2426558,0011155030,CAPURGANA,0027,2022-11-16 07:00:00.000,0.0
2426559,0011155030,CAPURGANA,0027,2022-11-16 08:00:00.000,0.0
2426560,0011155030,CAPURGANA,0027,2022-11-16 09:00:00.000,1.0
2426561,0011155030,CAPURGANA,0027,2022-11-16 10:00:00.000,0.0
2426562,0011155030,CAPURGANA,0027,2022-11-16 11:00:00.000,0.0
2426563,0011155030,CAPURGANA,0027,2022-11-16 12:00:00.000,0.0
2426564,0011155030,CAPURGANA,0027,2022-11-16 13:00:00.000,0.0
2426565,0011155030,CAPURGANA,0027,2022-11-16 14:00:00.000,0.0
2426566,0011155030,CAPURGANA,0027,2022-11-16 15:00:00.000,0.0
2426567,0011155030,CAPURGANA,0027,2022-11-16 16:00:00.000,0.0
2426568,0011155030,CAPURGANA,0027,2022-11-16 17:00:00.000,0.0
2426569,0011155030,CAPURGANA,0027,2022-11-16 18:00:00.000,0.0
2426570,0011155030,CAPURGANA,0027,2022-11-16 19:00:00.000,0.0
2426571,0011155030,CAPURGANA,0027,2022-11-16 20:00:00.000,0.0
2426572,0011155030,CAPURGANA,0027,2022-11-16 21:00:00.000,0.0
2426573,0011155030,CAPURGANA,0027,2022-11-16 22:00:00.000,5.0
2426574,0011155030,CAPURGANA,0027,2022-11-16 23:00:00.000,0.0
2426575,0011155030,CAPURGANA,0027,2022-11-17 00:00:00.000,0.0
2426576,0011155030,CAPURGANA,0027,2022-11-17 01:00:00.000,0.0
2426577,0011155030,CAPURGANA,0027,2022-11-17 02:00:00.000,20.0
2426578,0011155030,CAPURGANA,0027,2022-11-17 03:00:00.000,1.0
2426579,0011155030,CAPURGANA,0027,2022-11-17 04:00:00.000,1.0
2426580,0011155030,CAPURGANA,0027,2022-11-17 05:00:00.000,0.0
2426581,0011155030,CAPURGANA,0027,2022-11-17 06:00:00.000,0.0
2426582,0011155030,CAPURGANA,0027,2022-11-17 07:00:00.000,0.0
2426583,0011155030,CAPURGANA,0027,2022-11-17 08:00:00.000,0.0
2426584,0011155030,CAPURGANA,0027,2022-11-17 09:00:00.000,1.0
2426585,0011155030,CAPURGANA,0027,2022-11-17 10:00:00.000,0.0
2426586,0011155030,CAPURGANA,0027,2022-11-17 11:00:00.000,0.0
2426587,0011155030,CAPURGANA,0027,2022-11-17 12:00:00.000,0.0
2426588,0011155030,CAPURGANA,0027,2022-11-17 13:00:00.000,0.0
2426589,0011155030,CAPURGANA,0027,2022-11-17 14:00:00.000,0.0
2426590,0011155030,CAPURGANA,0027,2022-11-17 15:00:00.000,1.0
2426591,0011155030,CAPURGANA,0027,2022-11-17 16:00:00.000,0.0
2426592,0011155030,CAPURGANA,0027,2022-11-17 17:00:00.000,0.0
2426593,0011155030,CAPURGANA,0027,2022-11-17 18:00:00.000,0.0
2426594,0011155030,CAPURGANA,0027,2022-11-17 19:00:00.000,0.0
2426595,0011155030,CAPURGANA,0027,2022-11-17 20:00:00.000,0.0
2426596,0011155030,CAPURGANA,0027,2022-11-17 21:00:00.000,0.0
2426597,0011155030,CAPURGANA,0027,2022-11-17 22:00:00.000,0.0
2426598,0011155030,CAPURGANA,0027,2022-11-17 23:00:00.000,0.0
2426599,0011155030,CAPURGANA,0027,2022-11-18 00:00:00.000,0.0
2426600,0011155030,CAPURGANA,0027,2022-11-18 01:00:00.000,0.0
2426601,0011155030,CAPURGANA,0027,2022-11-18 02:00:00.000,0.0
2426602,0011155030,CAPURGANA,0027,2022-11-18 03:00:00.000,0.0
2426603,0011155030,CAPURGANA,0027,2022-11-18 04:00:00.000,1.0
2426604,0011155030,CAPURGANA,0027,2022-11-18 05:00:00.000,0.0
2426605,0011155030,CAPURGANA,0027,2022-11-18 06:00:00.000,0.0
2426606,0011155030,CAPURGANA,0027,2022-11-18 07:00:00.000,0.0
2426607,0011155030,CAPURGANA,0027,2022-11-18 08:00:00.000,0.0
2426608,0011155030,CAPURGANA,0027,2022-11-18 09:00:00.000,0.0
2426609,0011155030,CAPURGANA,0027,2022-11-18 10:00:00.000,0.0
2426610,0011155030,CAPURGANA,0027,2022-11-18 11:00:00.000,0.0
2426611,0011155030,CAPURGANA,0027,2022-11-18 12:00:00.000,0.0
2426612,0011155030,CAPURGANA,0027,2022-11-18 13:00:00.000,0.0
2426613,0011155030,CAPURGANA,0027,2022-11-18 14:00:00.000,0.0
2426614,0011155030,CAPURGANA,0027,2022-11-18 15:00:00.000,0.0
2426615,0011155030,CAPURGANA,0027,2022-11-18 16:00:00.000,0.0
2426616,0011155030,CAPURGANA,0027,2022-11-18 17:00:00.000,1.0
2426617,0011155030,CAPURGANA,0027,2022-11-18 18:00:00.000,0.0
2426618,0011155030,CAPURGANA,0027,2022-11-18 19:00:00.000,0.0
2426619,0011155030,CAPURGANA,0027,2022-11-18 20:00:00.000,0.0
2426620,0011155030,CAPURGANA,0027,2022-11-18 21:00:00.000,0.0
2426621,0011155030,CAPURGANA,0027,2022-11-18 22:00:00.000,1.0
2426622,0011155030,CAPURGANA,0027,2022-11-18 23:00:00.000,0.0
2426623,0011155030,CAPURGANA,0027,2022-11-19 00:00:00.000,0.0
2426624,0011155030,CAPURGANA,0027,2022-11-19 01:00:00.000,0.0
2426625,0011155030,CAPURGANA,0027,2022-11-19 02:00:00.000,1.0
2426626,0011155030,CAPURGANA,0027,2022-11-19 03:00:00.000,0.0
2426627,0011155030,CAPURGANA,0027,2022-11-19 04:00:00.000,1.0
2426628,0011155030,CAPURGANA,0027,2022-11-19 05:00:00.000,0.0
2426629,0011155030,CAPURGANA,0027,2022-11-19 06:00:00.000,0.0
2426630,0011155030,CAPURGANA,0027,2022-11-19 07:00:00.000,32.0
2426631,0011155030,CAPURGANA,0027,2022-11-19 08:00:00.000,0.0
2426632,0011155030,CAPURGANA,0027,2022-11-19 09:00:00.000,0.0
2426633,0011155030,CAPURGANA,0027,2022-11-19 10:00:00.000,0.0
2426634,0011155030,CAPURGANA,0027,2022-11-19 11:00:00.000,1.0
2426635,0011155030,CAPURGANA,0027,2022-11-19 12:00:00.000,0.0
2426636,0011155030,CAPURGANA,0027,2022-11-19 13:00:00.000,0.0
2426637,0011155030,CAPURGANA,0027,2022-11-19 14:00:00.000,0.0
2426638,0011155030,CAPURGANA,0027,2022-11-19 15:00:00.000,0.0
2426639,0011155030,CAPURGANA,0027,2022-11-19 16:00:00.000,0.0
2426640,0011155030,CAPURGANA,0027,2022-11-19 17:00:00.000,0.0
2426641,0011155030,CAPURGANA,0027,2022-11-19 18:00:00.000,0.0
2426642,0011155030,CAPURGANA,0027,2022-11-19 19:00:00.000,1.0
2426643,0011155030,CAPURGANA,0027,2022-11-19 20:00:00.000,1.0
2426644,0011155030,CAPURGANA,0027,2022-11-19 21:00:00.000,0.0
2426645,0011155030,CAPURGANA,0027,2022-11-19 22:00:00.000,0.0
2426646,0011155030,CAPURGANA,0027,2022-11-19 23:00:00.000,0.0
2426647,0011155030,CAPURGANA,0027,2022-11-20 00:00:00.000,1.0
2426648,0011155030,CAPURGANA,0027,2022-11-20 01:00:00.000,0.0
2426649,0011155030,CAPURGANA,0027,2022-11-20 02:00:00.000,0.0
2426650,0011155030,CAPURGANA,0027,2022-11-20 03:00:00.000,0.0
2426651,0011155030,CAPURGANA,0027,2022-11-20 04:00:00.000,0.0
2426652,0011155030,CAPURGANA,0027,2022-11-20 05:00:00.000,0.0
2426653,0011155030,CAPURGANA,0027,2022-11-20 06:00:00.000,0.0
2426654,0011155030,CAPURGANA,0027,2022-11-20 07:00:00.000,0.0
2426655,0011155030,CAPURGANA,0027,2022-11-20 08:00:00.000,0.0
2426656,0011155030,CAPURGANA,0027,2022-11-20 09:00:00.000,0.0
2426657,0011155030,CAPURGANA,0027,2022-11-20 10:00:00.000,0.0
2426658,0011155030,CAPURGANA,0027,2022-11-20 11:00:00.000,1.0
2426659,0011155030,CAPURGANA,0027,2022-11-20 12:00:00.000,1.0
2426660,0011155030,CAPURGANA,0027,2022-11-20 13:00:00.000,0.0
2426661,0011155030,CAPURGANA,0027,2022-11-20 14:00:00.000,0.0
2426662,0011155030,CAPURGANA,0027,2022-11-20 15:00:00.000,0.0
2426663,0011155030,CAPURGANA,0027,2022-11-20 16:00:00.000,0.0
2426664,0011155030,CAPURGANA,0027,2022-11-20 17:00:00.000,0.0
2426665,0011155030,CAPURGANA,0027,2022-11-20 18:00:00.000,0.0
2426666,0011155030,CAPURGANA,0027,2022-11-20 19:00:00.000,0.0
2426667,0011155030,CAPURGANA,0027,2022-11-20 20:00:00.000,0.0
2426668,0011155030,CAPURGANA,0027,2022-11-20 21:00:00.000,0.0
2426669,0011155030,CAPURGANA,0027,2022-11-20 22:00:00.000,0.0
2426670,0011155030,CAPURGANA,0027,2022-11-20 23:00:00.000,0.0
2426671,0011155030,CAPURGANA,0027,2022-11-21 00:00:00.000,0.0
2426672,0011155030,CAPURGANA,0027,2022-11-21 01:00:00.000,20.0
2426673,0011155030,CAPURGANA,0027,2022-11-21 02:00:00.000,0.0
2426674,0011155030,CAPURGANA,0027,2022-11-21 03:00:00.000,0.0
2426675,0011155030,CAPURGANA,0027,2022-11-21 04:00:00.000,1.0
2426676,0011155030,CAPURGANA,0027,2022-11-21 05:00:00.000,0.0
2426677,0011155030,CAPURGANA,0027,2022-11-21 06:00:00.000,0.0
2426678,0011155030,CAPURGANA,0027,2022-11-21 07:00:00.000,0.0
2426679,0011155030,CAPURGANA,0027,2022-11-21 08:00:00.000,0.0
2426680,0011155030,CAPURGANA,0027,2022-11-21 09:00:00.000,0.0
2426681,0011155030,CAPURGANA,0027,2022-11-21 10:00:00.000,0.0
2426682,0011155030,CAPURGANA,0027,2022-11-21 11:00:00.000,0.0
2426683,0011155030,CAPURGANA,0027,2022-11-21 12:00:00.000,0.0
2426684,0011155030,CAPURGANA,0027,2022-11-21 13:00:00.000,0.0
2426685,0011155030,CAPURGANA,0027,2022-11-21 14:00:00.000,0.0
2426686,0011155030,CAPURGANA,0027,2022-11-21 15:00:00.000,0.0
2426687,0011155030,CAPURGANA,0027,2022-11-21 16:00:00.000,0.0
2426688,0011155030,CAPURGANA,0027,2022-11-21 17:00:00.000,0.0
2426689,0011155030,CAPURGANA,0027,2022-11-21 18:00:00.000,0.0
2426690,0011155030,CAPURGANA,0027,2022-11-21 19:00:00.000,0.0
2426691,0011155030,CAPURGANA,0027,2022-11-21 20:00:00.000,0.0
2426692,0011155030,CAPURGANA,0027,2022-11-21 21:00:00.000,0.0
2426693,0011155030,CAPURGANA,0027,2022-11-21 22:00:00.000,1.0
2426694,0011155030,CAPURGANA,0027,2022-11-21 23:00:00.000,0.0
2426695,0011155030,CAPURGANA,0027,2022-11-22 00:00:00.000,0.0
2426696,0011155030,CAPURGANA,0027,2022-11-22 01:00:00.000,0.0
2426697,0011155030,CAPURGANA,0027,2022-11-22 02:00:00.000,0.0
2426698,0011155030,CAPURGANA,0027,2022-11-22 03:00:00.000,0.0
2426699,0011155030,CAPURGANA,0027,2022-11-22 04:00:00.000,0.0
2426700,0011155030,CAPURGANA,0027,2022-11-22 05:00:00.000,0.0
2426701,0011155030,CAPURGANA,0027,2022-11-22 06:00:00.000,0.0
2426702,0011155030,CAPURGANA,0027,2022-11-22 07:00:00.000,0.0
2426703,0011155030,CAPURGANA,0027,2022-11-22 08:00:00.000,0.0
2426704,0011155030,CAPURGANA,0027,2022-11-22 09:00:00.000,0.0
2426705,0011155030,CAPURGANA,0027,2022-11-22 10:00:00.000,0.0
2426706,0011155030,CAPURGANA,0027,2022-11-22 11:00:00.000,1.0
2426707,0011155030,CAPURGANA,0027,2022-11-22 12:00:00.000,0.0
2426708,0011155030,CAPURGANA,0027,2022-11-22 13:00:00.000,0.0
2426709,0011155030,CAPURGANA,0027,2022-11-22 14:00:00.000,0.0
2426710,0011155030,CAPURGANA,0027,2022-11-22 15:00:00.000,0.0
2426711,0011155030,CAPURGANA,0027,2022-11-22 16:00:00.000,0.0
2426712,0011155030,CAPURGANA,0027,2022-11-22 17:00:00.000,0.0
2426713,0011155030,CAPURGANA,0027,2022-11-22 18:00:00.000,0.0
2426714,0011155030,CAPURGANA,0027,2022-11-22 19:00:00.000,0.0
2426715,0011155030,CAPURGANA,0027,2022-11-22 20:00:00.000,0.0
2426716,0011155030,CAPURGANA,0027,2022-11-22 21:00:00.000,0.0
2426717,0011155030,CAPURGANA,0027,2022-11-22 22:00:00.000,0.0
2426718,0011155030,CAPURGANA,0027,2022-11-22 23:00:00.000,0.0
2426719,0011155030,CAPURGANA,0027,2022-11-23 00:00:00.000,0.0
2426720,0011155030,CAPURGANA,0027,2022-11-23 01:00:00.000,0.0
2426721,0011155030,CAPURGANA,0027,2022-11-23 02:00:00.000,0.0
2426722,0011155030,CAPURGANA,0027,2022-11-23 03:00:00.000,0.0
2426723,0011155030,CAPURGANA,0027,2022-11-23 04:00:00.000,0.0
2426724,0011155030,CAPURGANA,0027,2022-11-23 05:00:00.000,0.0
2426725,0011155030,CAPURGANA,0027,2022-11-23 06:00:00.000,0.0
2426726,0011155030,CAPURGANA,0027,2022-11-23 07:00:00.000,0.0
2426727,0011155030,CAPURGANA,0027,2022-11-23 08:00:00.000,0.0
2426728,0011155030,CAPURGANA,0027,2022-11-23 09:00:00.000,0.0
2426729,0011155030,CAPURGANA,0027,2022-11-23 10:00:00.000,20.0
2426730,0011155030,CAPURGANA,0027,2022-11-23 11:00:00.000,0.0
2426731,0011155030,CAPURGANA,0027,2022-11-23 12:00:00.000,0.0
2426732,0011155030,CAPURGANA,0027,2022-11-23 13:00:00.000,0.0
2426733,0011155030,CAPURGANA,0027,2022-11-23 14:00:00.000,0.0
2426734,0011155030,CAPURGANA,0027,2022-11-23 15:00:00.000,0.0
2426735,0011155030,CAPURGANA,0027,2022-11-23 16:00:00.000,0.0
2426736,0011155030,CAPURGANA,0027,2022-11-23 17:00:00.000,0.0
2426737,0011155030,CAPURGANA,0027,2022-11-23 18:00:00.000,0.0
2426738,0011155030,CAPURGANA,0027,2022-11-23 19:00:00.000,0.0
2426739,0011155030,CAPURGANA,0027,2022-11-23 20:00:00.000,0.0
2426740,0011155030,CAPURGANA,0027,2022-11-23 21:00:00.000,0.0
2426741,0011155030,CAPURGANA,0027,2022-11-23 22:00:00.000,0.0
2426742,0011155030,CAPURGANA,0027,2022-11-23 23:00:00.000,0.0
2426743,0011155030,CAPURGANA,0027,2022-11-24 00:00:00.000,0.0
2426744,0011155030,CAPURGANA,0027,2022-11-24 01:00:00.000,0.0
2426745,0011155030,CAPURGANA,0027,2022-11-24 02:00:00.000,0.0
2426746,0011155030,CAPURGANA,0027,2022-11-24 03:00:00.000,0.0
2426747,0011155030,CAPURGANA,0027,2022-11-24 04:00:00.000,0.0
2426748,0011155030,CAPURGANA,0027,2022-11-24 05:00:00.000,0.0
2426749,0011155030,CAPURGANA,0027,2022-11-24 06:00:00.000,45.0
2426750,0011155030,CAPURGANA,0027,2022-11-24 07:00:00.000,21.0
2426751,0011155030,CAPURGANA,0027,2022-11-24 08:00:00.000,0.0
2426752,0011155030,CAPURGANA,0027,2022-11-24 09:00:00.000,0.0
2426753,0011155030,CAPURGANA,0027,2022-11-24 10:00:00.000,0.0
2426754,0011155030,CAPURGANA,0027,2022-11-24 11:00:00.000,0.0
2426755,0011155030,CAPURGANA,0027,2022-11-24 12:00:00.000,1.0
2426756,0011155030,CAPURGANA,0027,2022-11-24 13:00:00.000,20.0
2426757,0011155030,CAPURGANA,0027,2022-11-24 14:00:00.000,0.0
2426758,0011155030,CAPURGANA,0027,2022-11-24 15:00:00.000,0.0
2426759,0011155030,CAPURGANA,0027,2022-11-24 16:00:00.000,0.0
2426760,0011155030,CAPURGANA,0027,2022-11-24 17:00:00.000,0.0
2426761,0011155030,CAPURGANA,0027,2022-11-24 18:00:00.000,0.0
2426762,0011155030,CAPURGANA,0027,2022-11-24 19:00:00.000,0.0
2426763,0011155030,CAPURGANA,0027,2022-11-24 20:00:00.000,0.0
2426764,0011155030,CAPURGANA,0027,2022-11-24 21:00:00.000,0.0
2426765,0011155030,CAPURGANA,0027,2022-11-24 22:00:00.000,1.0
2426766,0011155030,CAPURGANA,0027,2022-11-24 23:00:00.000,0.0
2426767,0011155030,CAPURGANA,0027,2022-11-25 00:00:00.000,0.0
2426768,0011155030,CAPURGANA,0027,2022-11-25 01:00:00.000,0.0
2426769,0011155030,CAPURGANA,0027,2022-11-25 02:00:00.000,0.0
2426770,0011155030,CAPURGANA,0027,2022-11-25 03:00:00.000,0.0
2426771,0011155030,CAPURGANA,0027,2022-11-25 04:00:00.000,0.0
2426772,0011155030,CAPURGANA,0027,2022-11-25 05:00:00.000,0.0
2426773,0011155030,CAPURGANA,0027,2022-11-25 06:00:00.000,1.0
2426774,0011155030,CAPURGANA,0027,2022-11-25 07:00:00.000,1.0
2426775,0011155030,CAPURGANA,0027,2022-11-25 08:00:00.000,0.0
2426776,0011155030,CAPURGANA,0027,2022-11-25 09:00:00.000,0.0
2426777,0011155030,CAPURGANA,0027,2022-11-25 10:00:00.000,0.0
2426778,0011155030,CAPURGANA,0027,2022-11-25 11:00:00.000,1.0
2426779,0011155030,CAPURGANA,0027,2022-11-25 12:00:00.000,0.0
2426780,0011155030,CAPURGANA,0027,2022-11-25 13:00:00.000,0.0
2426781,0011155030,CAPURGANA,0027,2022-11-25 14:00:00.000,0.0
2426782,0011155030,CAPURGANA,0027,2022-11-25 15:00:00.000,0.0
2426783,0011155030,CAPURGANA,0027,2022-11-25 16:00:00.000,14.0
2426784,0011155030,CAPURGANA,0027,2022-11-25 17:00:00.000,0.0
2426785,0011155030,CAPURGANA,0027,2022-11-25 18:00:00.000,0.0
2426786,0011155030,CAPURGANA,0027,2022-11-25 19:00:00.000,0.0
2426787,0011155030,CAPURGANA,0027,2022-11-25 20:00:00.000,0.0
2426788,0011155030,CAPURGANA,0027,2022-11-25 21:00:00.000,0.0
2426789,0011155030,CAPURGANA,0027,2022-11-25 22:00:00.000,0.0
2426790,0011155030,CAPURGANA,0027,2022-11-25 23:00:00.000,0.0
2426791,0011155030,CAPURGANA,0027,2022-11-26 00:00:00.000,1.0
2426792,0011155030,CAPURGANA,0027,2022-11-26 01:00:00.000,0.0
2426793,0011155030,CAPURGANA,0027,2022-11-26 02:00:00.000,0.0
2426794,0011155030,CAPURGANA,0027,2022-11-26 03:00:00.000,1.0
2426795,0011155030,CAPURGANA,0027,2022-11-26 04:00:00.000,0.0
2426796,0011155030,CAPURGANA,0027,2022-11-26 05:00:00.000,0.0
2426797,0011155030,CAPURGANA,0027,2022-11-26 06:00:00.000,0.0
2426798,0011155030,CAPURGANA,0027,2022-11-26 07:00:00.000,0.0
2426799,0011155030,CAPURGANA,0027,2022-11-26 08:00:00.000,0.0
2426800,0011155030,CAPURGANA,0027,2022-11-26 09:00:00.000,0.0
2426801,0011155030,CAPURGANA,0027,2022-11-26 10:00:00.000,0.0
2426802,0011155030,CAPURGANA,0027,2022-11-26 11:00:00.000,0.0
2426803,0011155030,CAPURGANA,0027,2022-11-26 12:00:00.000,1.0
2426804,0011155030,CAPURGANA,0027,2022-11-26 13:00:00.000,0.0
2426805,0011155030,CAPURGANA,0027,2022-11-26 14:00:00.000,0.0
2426806,0011155030,CAPURGANA,0027,2022-11-26 15:00:00.000,0.0
2426807,0011155030,CAPURGANA,0027,2022-11-26 16:00:00.000,0.0
2426808,0011155030,CAPURGANA,0027,2022-11-26 17:00:00.000,0.0
2426809,0011155030,CAPURGANA,0027,2022-11-26 18:00:00.000,0.0
2426810,0011155030,CAPURGANA,0027,2022-11-26 19:00:00.000,0.0
2426811,0011155030,CAPURGANA,0027,2022-11-26 20:00:00.000,26.0
2426812,0011155030,CAPURGANA,0027,2022-11-26 21:00:00.000,0.0
2426813,0011155030,CAPURGANA,0027,2022-11-26 22:00:00.000,0.0
2426814,0011155030,CAPURGANA,0027,2022-11-26 23:00:00.000,0.0
2426815,0011155030,CAPURGANA,0027,2022-11-27 00:00:00.000,0.0
2426816,0011155030,CAPURGANA,0027,2022-11-27 01:00:00.000,0.0
2426817,0011155030,CAPURGANA,0027,2022-11-27 02:00:00.000,0.0
2426818,0011155030,CAPURGANA,0027,2022-11-27 03:00:00.000,0.0
2426819,0011155030,CAPURGANA,0027,2022-11-27 04:00:00.000,0.0
2426820,0011155030,CAPURGANA,0027,2022-11-27 05:00:00.000,0.0
2426821,0011155030,CAPURGANA,0027,2022-11-27 06:00:00.000,1.0
2426822,0011155030,CAPURGANA,0027,2022-11-27 07:00:00.000,0.0
2426823,0011155030,CAPURGANA,0027,2022-11-27 08:00:00.000,0.0
2426824,0011155030,CAPURGANA,0027,2022-11-27 09:00:00.000,1.0
2426825,0011155030,CAPURGANA,0027,2022-11-27 10:00:00.000,0.0
2426826,0011155030,CAPURGANA,0027,2022-11-27 11:00:00.000,0.0
2426827,0011155030,CAPURGANA,0027,2022-11-27 12:00:00.000,0.0
2426828,0011155030,CAPURGANA,0027,2022-11-27 13:00:00.000,0.0
2426829,0011155030,CAPURGANA,0027,2022-11-27 14:00:00.000,0.0
2426830,0011155030,CAPURGANA,0027,2022-11-27 15:00:00.000,0.0
2426831,0011155030,CAPURGANA,0027,2022-11-27 16:00:00.000,0.0
2426832,0011155030,CAPURGANA,0027,2022-11-27 17:00:00.000,0.0
2426833,0011155030,CAPURGANA,0027,2022-11-27 18:00:00.000,0.0
2426834,0011155030,CAPURGANA,0027,2022-11-27 19:00:00.000,1.0
2426835,0011155030,CAPURGANA,0027,2022-11-27 20:00:00.000,0.0
2426836,0011155030,CAPURGANA,0027,2022-11-27 21:00:00.000,1.0
2426837,0011155030,CAPURGANA,0027,2022-11-27 22:00:00.000,1.0
2426838,0011155030,CAPURGANA,0027,2022-11-28 00:00:00.000,0.0
2426839,0011155030,CAPURGANA,0027,2022-11-28 07:00:00.000,1.0
2426840,0011155030,CAPURGANA,0027,2022-11-28 08:00:00.000,0.0
2426841,0011155030,CAPURGANA,0027,2022-11-28 16:00:00.000,0.0
2426842,0011155030,CAPURGANA,0027,2022-11-28 21:00:00.000,0.0
2426843,0011155030,CAPURGANA,0027,2022-11-28 22:00:00.000,0.0
2426844,0011155030,CAPURGANA,0027,2022-11-29 02:00:00.000,0.0
2426845,0011155030,CAPURGANA,0027,2022-11-29 03:00:00.000,0.0
2426846,0011155030,CAPURGANA,0027,2022-11-29 04:00:00.000,0.0
2426847,0011155030,CAPURGANA,0027,2022-11-29 05:00:00.000,0.0
2426848,0011155030,CAPURGANA,0027,2022-11-29 06:00:00.000,0.0
2426849,0011155030,CAPURGANA,0027,2022-12-06 23:00:00.000,0.0
2426850,0011155030,CAPURGANA,0027,2022-12-07 00:00:00.000,1.0
2426851,0011155030,CAPURGANA,0027,2022-12-07 01:00:00.000,0.0
2426852,0011155030,CAPURGANA,0027,2022-12-07 02:00:00.000,0.0
2426853,0011155030,CAPURGANA,0027,2022-12-07 03:00:00.000,0.0
2426854,0011155030,CAPURGANA,0027,2022-12-07 04:00:00.000,0.0
2426855,0011155030,CAPURGANA,0027,2022-12-07 05:00:00.000,0.0
2426856,0011155030,CAPURGANA,0027,2022-12-07 06:00:00.000,20.0
2426857,0011155030,CAPURGANA,0027,2022-12-07 07:00:00.000,1.0
2426858,0011155030,CAPURGANA,0027,2022-12-07 08:00:00.000,15.0
2426859,0011155030,CAPURGANA,0027,2022-12-07 09:00:00.000,0.0
2426860,0011155030,CAPURGANA,0027,2022-12-07 10:00:00.000,0.0
2426861,0011155030,CAPURGANA,0027,2022-12-07 11:00:00.000,20.0
2426862,0011155030,CAPURGANA,0027,2022-12-07 12:00:00.000,56.0
2426863,0011155030,CAPURGANA,0027,2022-12-07 13:00:00.000,20.0
2426864,0011155030,CAPURGANA,0027,2022-12-07 14:00:00.000,1.0
2426865,0011155030,CAPURGANA,0027,2022-12-07 15:00:00.000,0.0
2426866,0011155030,CAPURGANA,0027,2022-12-07 16:00:00.000,0.0
2426867,0011155030,CAPURGANA,0027,2022-12-07 17:00:00.000,0.0
2426868,0011155030,CAPURGANA,0027,2022-12-07 18:00:00.000,0.0
2426869,0011155030,CAPURGANA,0027,2022-12-07 19:00:00.000,21.0
2426870,0011155030,CAPURGANA,0027,2022-12-07 20:00:00.000,0.0
2426871,0011155030,CAPURGANA,0027,2022-12-07 21:00:00.000,0.0
2426872,0011155030,CAPURGANA,0027,2022-12-07 22:00:00.000,1.0
2426873,0011155030,CAPURGANA,0027,2022-12-07 23:00:00.000,0.0
2426874,0011155030,CAPURGANA,0027,2022-12-08 00:00:00.000,0.0
2426875,0011155030,CAPURGANA,0027,2022-12-08 01:00:00.000,19.0
2426876,0011155030,CAPURGANA,0027,2022-12-08 02:00:00.000,0.0
2426877,0011155030,CAPURGANA,0027,2022-12-08 04:00:00.000,1.0
2426878,0011155030,CAPURGANA,0027,2022-12-08 05:00:00.000,0.0
2426879,0011155030,CAPURGANA,0027,2022-12-08 06:00:00.000,0.0
2426880,0011155030,CAPURGANA,0027,2022-12-08 07:00:00.000,0.0
2426881,0011155030,CAPURGANA,0027,2022-12-08 08:00:00.000,0.0
2426882,0011155030,CAPURGANA,0027,2022-12-08 09:00:00.000,0.0
2426883,0011155030,CAPURGANA,0027,2022-12-08 10:00:00.000,0.0
2426884,0011155030,CAPURGANA,0027,2022-12-08 11:00:00.000,0.0
2426885,0011155030,CAPURGANA,0027,2022-12-08 12:00:00.000,0.0
2426886,0011155030,CAPURGANA,0027,2022-12-08 13:00:00.000,0.0
2426887,0011155030,CAPURGANA,0027,2022-12-08 14:00:00.000,0.0
2426888,0011155030,CAPURGANA,0027,2022-12-08 20:00:00.000,1.0
2247049,0011155030,CAPURGANA,0027,2023-02-02 06:00:00.000,0.0
2247050,0011155030,CAPURGANA,0027,2023-02-05 03:00:00.000,0.0
2247051,0011155030,CAPURGANA,0027,2023-02-05 21:00:00.000,21.0
2247052,0011155030,CAPURGANA,0027,2023-02-08 00:00:00.000,0.0
2247053,0011155030,CAPURGANA,0027,2023-02-11 17:00:00.000,4.0
2247054,0011155030,CAPURGANA,0027,2023-02-12 21:00:00.000,0.0
2247055,0011155030,CAPURGANA,0027,2023-02-12 22:00:00.000,0.0
2247056,0011155030,CAPURGANA,0027,2023-02-13 08:00:00.000,0.0
2247057,0011155030,CAPURGANA,0027,2023-02-15 03:00:00.000,47.0
2247058,0011155030,CAPURGANA,0027,2023-02-15 16:00:00.000,92.0
2247059,0011155030,CAPURGANA,0027,2023-02-17 10:00:00.000,78.0
2247060,0011155030,CAPURGANA,0027,2023-02-17 15:00:00.000,100.0
2247061,0011155030,CAPURGANA,0027,2023-02-18 11:00:00.000,87.0
2247062,0011155030,CAPURGANA,0027,2023-02-18 12:00:00.000,88.0
2247063,0011155030,CAPURGANA,0027,2023-02-18 15:00:00.000,88.0
2247064,0011155030,CAPURGANA,0027,2023-02-18 23:00:00.000,99.0
2247065,0011155030,CAPURGANA,0027,2023-02-19 00:00:00.000,98.0
2247066,0011155030,CAPURGANA,0027,2023-02-19 05:00:00.000,98.0
2247067,0011155030,CAPURGANA,0027,2023-02-19 09:00:00.000,78.0
2247068,0011155030,CAPURGANA,0027,2023-02-20 03:00:00.000,94.0
2247069,0011155030,CAPURGANA,0027,2023-02-20 10:00:00.000,27.0
2247070,0011155030,CAPURGANA,0027,2023-02-21 04:00:00.000,0.0
2247071,0011155030,CAPURGANA,0027,2023-02-21 05:00:00.000,0.0
2247072,0011155030,CAPURGANA,0027,2023-02-22 21:00:00.000,89.0
2247073,0011155030,CAPURGANA,0027,2023-02-22 22:00:00.000,93.0
2247074,0011155030,CAPURGANA,0027,2023-02-23 04:00:00.000,99.0
2247075,0011155030,CAPURGANA,0027,2023-02-23 05:00:00.000,0.0
2247076,0011155030,CAPURGANA,0027,2023-02-23 10:00:00.000,100.0
2247077,0011155030,CAPURGANA,0027,2023-02-23 12:00:00.000,91.0
2247078,0011155030,CAPURGANA,0027,2023-02-23 20:00:00.000,0.0
2247079,0011155030,CAPURGANA,0027,2023-02-23 22:00:00.000,22.0
2247080,0011155030,CAPURGANA,0027,2023-02-24 00:00:00.000,83.0
2247081,0011155030,CAPURGANA,0027,2023-02-24 01:00:00.000,0.0
2247082,0011155030,CAPURGANA,0027,2023-02-24 03:00:00.000,96.0
2247083,0011155030,CAPURGANA,0027,2023-02-24 08:00:00.000,21.0
2247084,0011155030,CAPURGANA,0027,2023-02-24 12:00:00.000,100.0
2247085,0011155030,CAPURGANA,0027,2023-02-24 17:00:00.000,0.0
2247086,0011155030,CAPURGANA,0027,2023-02-24 19:00:00.000,0.0
2247087,0011155030,CAPURGANA,0027,2023-02-24 20:00:00.000,0.0
2247088,0011155030,CAPURGANA,0027,2023-02-24 21:00:00.000,0.0
2247089,0011155030,CAPURGANA,0027,2023-02-24 22:00:00.000,0.0
2247090,0011155030,CAPURGANA,0027,2023-02-25 00:00:00.000,21.0
2247091,0011155030,CAPURGANA,0027,2023-02-25 01:00:00.000,1.0
2247092,0011155030,CAPURGANA,0027,2023-02-25 02:00:00.000,99.0
2247093,0011155030,CAPURGANA,0027,2023-02-25 05:00:00.000,0.0
2247094,0011155030,CAPURGANA,0027,2023-02-25 07:00:00.000,0.0
2247095,0011155030,CAPURGANA,0027,2023-02-25 08:00:00.000,0.0
2247096,0011155030,CAPURGANA,0027,2023-02-25 11:00:00.000,92.0
2247097,0011155030,CAPURGANA,0027,2023-02-25 18:00:00.000,0.0
2247098,0011155030,CAPURGANA,0027,2023-02-25 21:00:00.000,0.0
2247099,0011155030,CAPURGANA,0027,2023-02-26 02:00:00.000,0.0
2247100,0011155030,CAPURGANA,0027,2023-02-26 03:00:00.000,0.0
2247101,0011155030,CAPURGANA,0027,2023-02-26 04:00:00.000,100.0
2247102,0011155030,CAPURGANA,0027,2023-02-26 05:00:00.000,0.0
2247103,0011155030,CAPURGANA,0027,2023-02-26 06:00:00.000,100.0
2247104,0011155030,CAPURGANA,0027,2023-02-26 07:00:00.000,100.0
2247105,0011155030,CAPURGANA,0027,2023-02-26 12:00:00.000,100.0
2247106,0011155030,CAPURGANA,0027,2023-02-26 13:00:00.000,100.0
2247107,0011155030,CAPURGANA,0027,2023-02-26 14:00:00.000,100.0
2247108,0011155030,CAPURGANA,0027,2023-02-26 15:00:00.000,100.0
2247109,0011155030,CAPURGANA,0027,2023-02-26 17:00:00.000,0.0
2247110,0011155030,CAPURGANA,0027,2023-02-26 18:00:00.000,100.0
2247111,0011155030,CAPURGANA,0027,2023-02-27 01:00:00.000,100.0
2247112,0011155030,CAPURGANA,0027,2023-02-28 23:00:00.000,100.0
2247113,0011155030,CAPURGANA,0027,2023-03-01 02:00:00.000,91.0
2247114,0011155030,CAPURGANA,0027,2023-03-01 05:00:00.000,0.0
2247115,0011155030,CAPURGANA,0027,2023-03-01 07:00:00.000,100.0
2247116,0011155030,CAPURGANA,0027,2023-03-01 18:00:00.000,100.0
2247117,0011155030,CAPURGANA,0027,2023-03-01 19:00:00.000,20.0
2247118,0011155030,CAPURGANA,0027,2023-03-01 23:00:00.000,0.0
2247119,0011155030,CAPURGANA,0027,2023-03-02 01:00:00.000,0.0
2247120,0011155030,CAPURGANA,0027,2023-03-02 21:00:00.000,0.0
2247121,0011155030,CAPURGANA,0027,2023-03-02 23:00:00.000,0.0
2247122,0011155030,CAPURGANA,0027,2023-03-03 01:00:00.000,0.0
2247123,0011155030,CAPURGANA,0027,2023-03-03 14:00:00.000,0.0
2247124,0011155030,CAPURGANA,0027,2023-03-03 20:00:00.000,100.0
2247125,0011155030,CAPURGANA,0027,2023-03-04 00:00:00.000,100.0
2247126,0011155030,CAPURGANA,0027,2023-03-04 19:00:00.000,100.0
2247127,0011155030,CAPURGANA,0027,2023-03-05 00:00:00.000,95.0
2247128,0011155030,CAPURGANA,0027,2023-03-05 04:00:00.000,100.0
2247129,0011155030,CAPURGANA,0027,2023-03-05 09:00:00.000,100.0
2247130,0011155030,CAPURGANA,0027,2023-03-15 13:00:00.000,0.0
2247131,0011155030,CAPURGANA,0027,2023-03-17 17:00:00.000,20.0
2247132,0011155030,CAPURGANA,0027,2023-03-17 23:00:00.000,22.0
2247133,0011155030,CAPURGANA,0027,2023-03-18 02:00:00.000,41.0
2247134,0011155030,CAPURGANA,0027,2023-03-19 19:00:00.000,0.0
2247135,0011155030,CAPURGANA,0027,2023-03-21 21:00:00.000,0.0
2247136,0011155030,CAPURGANA,0027,2023-03-21 22:00:00.000,57.0
2247137,0011155030,CAPURGANA,0027,2023-03-22 01:00:00.000,100.0
2247138,0011155030,CAPURGANA,0027,2023-03-22 03:00:00.000,100.0
2247139,0011155030,CAPURGANA,0027,2023-03-22 17:00:00.000,0.0
2247140,0011155030,CAPURGANA,0027,2023-03-22 19:00:00.000,91.0
2247141,0011155030,CAPURGANA,0027,2023-03-23 09:00:00.000,100.0
2247142,0011155030,CAPURGANA,0027,2023-03-23 17:00:00.000,100.0
2247143,0011155030,CAPURGANA,0027,2023-03-23 20:00:00.000,100.0
2247144,0011155030,CAPURGANA,0027,2023-03-24 04:00:00.000,100.0
2247145,0011155030,CAPURGANA,0027,2023-03-24 13:00:00.000,100.0
2247146,0011155030,CAPURGANA,0027,2023-03-24 14:00:00.000,100.0
2247147,0011155030,CAPURGANA,0027,2023-03-24 18:00:00.000,87.0
2247148,0011155030,CAPURGANA,0027,2023-03-27 11:00:00.000,0.0
2247149,0011155030,CAPURGANA,0027,2023-03-27 14:00:00.000,4.0
2247150,0011155030,CAPURGANA,0027,2023-03-27 16:00:00.000,93.0
2247151,0011155030,CAPURGANA,0027,2023-03-27 22:00:00.000,100.0
2247152,0011155030,CAPURGANA,0027,2023-03-28 06:00:00.000,100.0
2247153,0011155030,CAPURGANA,0027,2023-03-28 11:00:00.000,100.0
2247154,0011155030,CAPURGANA,0027,2023-03-29 00:00:00.000,100.0
2247155,0011155030,CAPURGANA,0027,2023-03-29 05:00:00.000,100.0
2247156,0011155030,CAPURGANA,0027,2023-03-29 06:00:00.000,100.0
2247157,0011155030,CAPURGANA,0027,2023-03-29 07:00:00.000,100.0
2247158,0011155030,CAPURGANA,0027,2023-03-30 10:00:00.000,100.0
2247159,0011155030,CAPURGANA,0027,2023-03-30 13:00:00.000,0.0
2247160,0011155030,CAPURGANA,0027,2023-03-30 14:00:00.000,0.0
2247161,0011155030,CAPURGANA,0027,2023-03-30 15:00:00.000,46.0
2247162,0011155030,CAPURGANA,0027,2023-03-30 18:00:00.000,100.0
2247163,0011155030,CAPURGANA,0027,2023-03-30 22:00:00.000,100.0
2247164,0011155030,CAPURGANA,0027,2023-03-30 23:00:00.000,100.0
2247165,0011155030,CAPURGANA,0027,2023-03-31 03:00:00.000,100.0
2247166,0011155030,CAPURGANA,0027,2023-03-31 04:00:00.000,100.0
2247167,0011155030,CAPURGANA,0027,2023-03-31 05:00:00.000,100.0
2247168,0011155030,CAPURGANA,0027,2023-03-31 06:00:00.000,100.0
2247169,0011155030,CAPURGANA,0027,2023-03-31 10:00:00.000,100.0
2247170,0011155030,CAPURGANA,0027,2023-03-31 14:00:00.000,100.0
2247171,0011155030,CAPURGANA,0027,2023-03-31 17:00:00.000,100.0
2247172,0011155030,CAPURGANA,0027,2023-03-31 18:00:00.000,100.0
2247173,0011155030,CAPURGANA,0027,2023-03-31 19:00:00.000,100.0
2247174,0011155030,CAPURGANA,0027,2023-03-31 21:00:00.000,100.0
2247175,0011155030,CAPURGANA,0027,2023-03-31 22:00:00.000,100.0
2247176,0011155030,CAPURGANA,0027,2023-03-31 23:00:00.000,100.0
2247177,0011155030,CAPURGANA,0027,2023-04-01 04:00:00.000,100.0
2247178,0011155030,CAPURGANA,0027,2023-04-01 09:00:00.000,100.0
2247179,0011155030,CAPURGANA,0027,2023-04-01 16:00:00.000,100.0
2247180,0011155030,CAPURGANA,0027,2023-04-01 17:00:00.000,100.0
2247181,0011155030,CAPURGANA,0027,2023-04-01 18:00:00.000,100.0
2247182,0011155030,CAPURGANA,0027,2023-04-01 19:00:00.000,100.0
2247183,0011155030,CAPURGANA,0027,2023-04-01 20:00:00.000,100.0
2247184,0011155030,CAPURGANA,0027,2023-04-01 22:00:00.000,100.0
2247185,0011155030,CAPURGANA,0027,2023-04-01 23:00:00.000,100.0
2247186,0011155030,CAPURGANA,0027,2023-04-02 00:00:00.000,100.0
2247187,0011155030,CAPURGANA,0027,2023-04-02 01:00:00.000,0.0
2247188,0011155030,CAPURGANA,0027,2023-04-02 02:00:00.000,0.0
2247189,0011155030,CAPURGANA,0027,2023-04-02 04:00:00.000,0.0
2247190,0011155030,CAPURGANA,0027,2023-04-02 06:00:00.000,0.0
2247191,0011155030,CAPURGANA,0027,2023-04-02 07:00:00.000,10.0
2247192,0011155030,CAPURGANA,0027,2023-04-02 12:00:00.000,0.0
2247193,0011155030,CAPURGANA,0027,2023-04-02 13:00:00.000,0.0
2247194,0011155030,CAPURGANA,0027,2023-04-02 15:00:00.000,0.0
2247195,0011155030,CAPURGANA,0027,2023-04-02 16:00:00.000,0.0
2247196,0011155030,CAPURGANA,0027,2023-04-02 17:00:00.000,0.0
2247197,0011155030,CAPURGANA,0027,2023-04-02 18:00:00.000,0.0
2247198,0011155030,CAPURGANA,0027,2023-04-02 19:00:00.000,1.0
2247199,0011155030,CAPURGANA,0027,2023-04-02 20:00:00.000,0.0
2247200,0011155030,CAPURGANA,0027,2023-04-02 21:00:00.000,0.0
2247201,0011155030,CAPURGANA,0027,2023-04-02 22:00:00.000,0.0
2247202,0011155030,CAPURGANA,0027,2023-04-02 23:00:00.000,0.0
2247203,0011155030,CAPURGANA,0027,2023-04-03 00:00:00.000,0.0
2247204,0011155030,CAPURGANA,0027,2023-04-03 07:00:00.000,0.0
2247205,0011155030,CAPURGANA,0027,2023-04-03 10:00:00.000,0.0
2247206,0011155030,CAPURGANA,0027,2023-04-03 12:00:00.000,0.0
2247207,0011155030,CAPURGANA,0027,2023-04-03 14:00:00.000,1.0
2247208,0011155030,CAPURGANA,0027,2023-04-03 15:00:00.000,0.0
2247209,0011155030,CAPURGANA,0027,2023-04-03 20:00:00.000,0.0
2247210,0011155030,CAPURGANA,0027,2023-04-03 21:00:00.000,0.0
2247211,0011155030,CAPURGANA,0027,2023-04-03 23:00:00.000,1.0
2247212,0011155030,CAPURGANA,0027,2023-04-04 04:00:00.000,54.0
2247213,0011155030,CAPURGANA,0027,2023-04-04 08:00:00.000,0.0
2247214,0011155030,CAPURGANA,0027,2023-04-04 11:00:00.000,56.0
2247215,0011155030,CAPURGANA,0027,2023-04-04 12:00:00.000,98.0
2247216,0011155030,CAPURGANA,0027,2023-04-04 14:00:00.000,34.0
2247217,0011155030,CAPURGANA,0027,2023-04-04 16:00:00.000,32.0
2247218,0011155030,CAPURGANA,0027,2023-04-04 19:00:00.000,62.0
2247219,0011155030,CAPURGANA,0027,2023-04-04 20:00:00.000,27.0
2247220,0011155030,CAPURGANA,0027,2023-04-04 23:00:00.000,88.0
2247221,0011155030,CAPURGANA,0027,2023-04-05 01:00:00.000,100.0
2247222,0011155030,CAPURGANA,0027,2023-04-05 02:00:00.000,100.0
2247223,0011155030,CAPURGANA,0027,2023-04-05 03:00:00.000,100.0
2247224,0011155030,CAPURGANA,0027,2023-04-05 05:00:00.000,29.0
2247225,0011155030,CAPURGANA,0027,2023-04-05 07:00:00.000,0.0
2247226,0011155030,CAPURGANA,0027,2023-04-05 11:00:00.000,0.0
2247227,0011155030,CAPURGANA,0027,2023-04-05 15:00:00.000,100.0
2247228,0011155030,CAPURGANA,0027,2023-04-05 16:00:00.000,79.0
2247229,0011155030,CAPURGANA,0027,2023-04-05 18:00:00.000,86.0
2247230,0011155030,CAPURGANA,0027,2023-04-05 19:00:00.000,0.0
2247231,0011155030,CAPURGANA,0027,2023-04-05 20:00:00.000,0.0
2247232,0011155030,CAPURGANA,0027,2023-04-05 21:00:00.000,4.0
2247233,0011155030,CAPURGANA,0027,2023-04-05 22:00:00.000,100.0
2247234,0011155030,CAPURGANA,0027,2023-04-05 23:00:00.000,0.0
2247235,0011155030,CAPURGANA,0027,2023-04-06 01:00:00.000,20.0
2247236,0011155030,CAPURGANA,0027,2023-04-06 03:00:00.000,69.0
2247237,0011155030,CAPURGANA,0027,2023-04-06 04:00:00.000,47.0
2247238,0011155030,CAPURGANA,0027,2023-04-06 05:00:00.000,70.0
2247239,0011155030,CAPURGANA,0027,2023-04-06 12:00:00.000,49.0
2247240,0011155030,CAPURGANA,0027,2023-04-06 13:00:00.000,22.0
2247241,0011155030,CAPURGANA,0027,2023-04-06 14:00:00.000,32.0
2247242,0011155030,CAPURGANA,0027,2023-04-06 15:00:00.000,78.0
2247243,0011155030,CAPURGANA,0027,2023-04-06 16:00:00.000,18.0
2247244,0011155030,CAPURGANA,0027,2023-04-07 01:00:00.000,0.0
2247245,0011155030,CAPURGANA,0027,2023-04-07 02:00:00.000,0.0
2247246,0011155030,CAPURGANA,0027,2023-04-07 06:00:00.000,0.0
2247247,0011155030,CAPURGANA,0027,2023-04-07 07:00:00.000,1.0
2247248,0011155030,CAPURGANA,0027,2023-04-07 08:00:00.000,0.0
