,Station,Fecha,Evaporacion,Estado
0,52050060,2020-07-17 00:00:00,,
1,52050060,2020-07-17 01:00:00,0.09999999999999432,
2,52050060,2020-07-17 02:00:00,,
3,52050060,2020-07-17 03:00:00,0.09999999999999432,
4,52050060,2020-07-17 04:00:00,,
5,52050060,2020-07-17 05:00:00,0.10000000000000853,
6,52050060,2020-07-17 06:00:00,,
7,52050060,2020-07-17 07:00:00,0.09999999999999432,
8,52050060,2020-07-17 08:00:00,,
9,52050060,2020-07-17 09:00:00,0.10000000000000853,
10,52050060,2020-07-17 10:00:00,,
11,52050060,2020-07-17 11:00:00,0.09999999999999432,
12,52050060,2020-07-17 12:00:00,,
13,52050060,2020-07-17 13:00:00,0.29999999999999716,
14,52050060,2020-07-17 14:00:00,0.10000000000000853,
15,52050060,2020-07-17 16:00:00,,
16,52050060,2020-07-17 17:00:00,0.09999999999999432,
17,52050060,2020-07-17 18:00:00,0.10000000000000853,
18,52050060,2021-11-26 00:00:00,,
19,52050060,2021-11-26 01:00:00,0.09999999999999432,
20,52050060,2021-11-26 02:00:00,0.09999999999999432,
21,52050060,2021-11-26 03:00:00,,
22,52050060,2021-11-26 04:00:00,0.10000000000002274,
23,52050060,2021-11-26 05:00:00,0.09999999999999432,
24,52050060,2021-11-26 06:00:00,0.09999999999999432,
25,52050060,2021-11-26 07:00:00,,
26,52050060,2021-11-26 08:00:00,,
27,52050060,2021-11-26 09:00:00,,
28,52050060,2021-11-26 11:00:00,,
29,52050060,2021-11-26 12:00:00,,
30,52050060,2021-11-26 13:00:00,4.400000000000006,
31,52050060,2021-11-26 14:00:00,,
32,52050060,2021-11-26 15:00:00,,
33,52050060,2021-11-26 16:00:00,,
34,52050060,2021-11-26 17:00:00,0.19999999999998863,
35,52050060,2021-11-26 18:00:00,0.09999999999999432,
36,52050060,2021-11-26 19:00:00,0.20000000000001705,
37,52050060,2021-11-26 20:00:00,0.09999999999999432,
38,52050060,2021-11-26 21:00:00,0.09999999999999432,
39,52050060,2021-11-26 22:00:00,0.09999999999999432,
40,52050060,2021-11-26 23:00:00,0.20000000000001705,
41,52050060,2021-11-27 00:00:00,,
42,52050060,2021-11-27 01:00:00,0.09999999999999432,
43,52050060,2021-11-27 02:00:00,0.19999999999998863,
44,52050060,2021-11-27 03:00:00,,
45,52050060,2021-11-27 04:00:00,0.10000000000002274,
46,52050060,2021-11-27 05:00:00,,
47,52050060,2021-11-27 06:00:00,0.09999999999999432,
48,52050060,2021-11-27 07:00:00,0.09999999999999432,
49,52050060,2021-11-27 08:00:00,,
50,52050060,2021-11-27 09:00:00,0.10000000000002274,
51,52050060,2021-11-27 10:00:00,,
52,52050060,2021-11-27 11:00:00,,
53,52050060,2021-11-27 12:00:00,0.30000000000001137,
54,52050060,2021-11-27 13:00:00,,
55,52050060,2021-11-27 14:00:00,0.5999999999999943,
56,52050060,2021-11-27 15:00:00,0.5,
57,52050060,2021-11-27 16:00:00,0.20000000000001705,
58,52050060,2021-11-27 17:00:00,0.09999999999999432,
59,52050060,2021-11-27 18:00:00,0.30000000000001137,
60,52050060,2021-11-27 19:00:00,0.09999999999999432,
61,52050060,2021-11-27 20:00:00,0.09999999999999432,
62,52050060,2021-11-27 21:00:00,0.19999999999998863,
63,52050060,2021-11-27 22:00:00,0.20000000000001705,
64,52050060,2021-11-27 23:00:00,0.19999999999998863,
65,52050060,2021-11-28 00:00:00,0.09999999999999432,
66,52050060,2021-11-28 01:00:00,0.20000000000001705,
67,52050060,2021-11-28 02:00:00,0.09999999999999432,
68,52050060,2021-11-28 03:00:00,,
69,52050060,2021-11-28 04:00:00,0.09999999999999432,
70,52050060,2021-11-28 05:00:00,0.20000000000001705,
71,52050060,2021-11-28 06:00:00,,
72,52050060,2021-11-28 08:00:00,,
73,52050060,2021-11-28 09:00:00,,
74,52050060,2021-11-28 10:00:00,,
75,52050060,2021-11-28 11:00:00,,
76,52050060,2021-11-28 12:00:00,,
77,52050060,2021-11-28 13:00:00,,
78,52050060,2021-11-28 14:00:00,1.1999999999999886,
79,52050060,2021-11-28 15:00:00,0.20000000000001705,
80,52050060,2021-11-28 16:00:00,0.4000000000000057,
81,52050060,2021-11-28 17:00:00,0.09999999999999432,
82,52050060,2021-11-28 18:00:00,0.29999999999998295,
83,52050060,2021-11-28 19:00:00,0.20000000000001705,
84,52050060,2021-11-28 20:00:00,0.09999999999999432,
85,52050060,2021-11-28 21:00:00,,
86,52050060,2021-11-28 22:00:00,0.19999999999998863,
87,52050060,2021-11-28 23:00:00,0.10000000000002274,
88,52050060,2021-11-29 00:00:00,0.19999999999998863,
89,52050060,2021-11-29 01:00:00,0.09999999999999432,
90,52050060,2021-11-29 02:00:00,0.09999999999999432,
91,52050060,2021-11-29 03:00:00,0.10000000000002274,
92,52050060,2021-11-29 04:00:00,0.09999999999999432,
93,52050060,2021-11-29 05:00:00,,
94,52050060,2021-11-29 06:00:00,,
95,52050060,2021-11-29 07:00:00,0.19999999999998863,
96,52050060,2021-11-29 08:00:00,,
97,52050060,2021-11-29 09:00:00,,
98,52050060,2021-11-29 10:00:00,,
99,52050060,2021-11-29 11:00:00,0.09999999999999432,
100,52050060,2021-11-29 12:00:00,,
101,52050060,2021-11-29 13:00:00,,
102,52050060,2021-11-29 14:00:00,,
103,52050060,2021-11-29 15:00:00,,
104,52050060,2021-11-29 16:00:00,,
105,52050060,2021-11-29 17:00:00,0.09999999999999432,
106,52050060,2021-11-29 18:00:00,0.09999999999999432,
107,52050060,2021-11-29 19:00:00,0.10000000000002274,
108,52050060,2021-11-29 20:00:00,0.09999999999999432,
109,52050060,2021-11-29 21:00:00,,
110,52050060,2021-11-29 22:00:00,,
111,52050060,2021-11-29 23:00:00,,
112,52050060,2021-11-30 00:00:00,,
113,52050060,2021-11-30 01:00:00,,
114,52050060,2021-11-30 02:00:00,,
115,52050060,2021-11-30 03:00:00,,
116,52050060,2021-11-30 04:00:00,0.09999999999999432,
117,52050060,2021-11-30 05:00:00,,
118,52050060,2021-11-30 06:00:00,,
119,52050060,2021-11-30 07:00:00,,
120,52050060,2021-11-30 08:00:00,,
121,52050060,2021-11-30 09:00:00,,
122,52050060,2021-11-30 10:00:00,,
123,52050060,2021-11-30 11:00:00,,
124,52050060,2021-11-30 12:00:00,0.4000000000000057,
125,52050060,2021-11-30 13:00:00,,
126,52050060,2021-11-30 14:00:00,0.30000000000001137,
127,52050060,2021-11-30 15:00:00,0.19999999999998863,
128,52050060,2021-11-30 16:00:00,0.20000000000001705,
129,52050060,2021-11-30 17:00:00,,
130,52050060,2021-11-30 18:00:00,0.09999999999999432,
131,52050060,2021-11-30 19:00:00,0.20000000000001705,
132,52050060,2021-11-30 20:00:00,0.09999999999999432,
133,52050060,2021-11-30 21:00:00,0.09999999999999432,
134,52050060,2021-11-30 22:00:00,,
135,52050060,2021-11-30 23:00:00,0.20000000000001705,
136,52050060,2021-12-01 00:00:00,,
137,52050060,2021-12-01 01:00:00,0.09999999999999432,
138,52050060,2021-12-01 02:00:00,,
139,52050060,2021-12-01 03:00:00,0.09999999999999432,
140,52050060,2021-12-01 04:00:00,0.09999999999999432,
141,52050060,2021-12-01 05:00:00,,
142,52050060,2021-12-01 06:00:00,,
143,52050060,2021-12-01 07:00:00,0.09999999999999432,
144,52050060,2021-12-01 08:00:00,,
145,52050060,2021-12-01 09:00:00,0.4000000000000057,
146,52050060,2021-12-01 10:00:00,,
147,52050060,2021-12-01 11:00:00,,
148,52050060,2021-12-01 12:00:00,0.29999999999998295,
149,52050060,2021-12-01 13:00:00,0.10000000000002274,
150,52050060,2021-12-01 14:00:00,0.19999999999998863,
151,52050060,2021-12-01 15:00:00,0.19999999999998863,
152,52050060,2021-12-01 16:00:00,0.10000000000002274,
153,52050060,2021-12-01 17:00:00,0.09999999999999432,
154,52050060,2021-12-01 18:00:00,0.09999999999999432,
155,52050060,2021-12-01 19:00:00,0.19999999999998863,
156,52050060,2021-12-01 20:00:00,0.10000000000002274,
157,52050060,2021-12-01 21:00:00,0.09999999999999432,
158,52050060,2021-12-01 22:00:00,0.09999999999999432,
159,52050060,2021-12-01 23:00:00,0.19999999999998863,
160,52050060,2021-12-02 00:00:00,,
161,52050060,2021-12-02 01:00:00,0.10000000000002274,
162,52050060,2021-12-02 02:00:00,0.09999999999999432,
163,52050060,2021-12-02 03:00:00,0.09999999999999432,
164,52050060,2021-12-02 04:00:00,,
165,52050060,2021-12-02 05:00:00,0.09999999999999432,
166,52050060,2021-12-02 06:00:00,,
167,52050060,2021-12-02 07:00:00,0.20000000000001705,
168,52050060,2021-12-02 08:00:00,,
169,52050060,2021-12-02 09:00:00,,
170,52050060,2021-12-02 10:00:00,,
171,52050060,2021-12-02 11:00:00,1.0999999999999943,
172,52050060,2021-12-02 12:00:00,0.09999999999999432,
173,52050060,2021-12-02 13:00:00,0.5,
174,52050060,2021-12-02 14:00:00,,
175,52050060,2021-12-02 15:00:00,2.0,
176,52050060,2021-12-02 16:00:00,,
177,52050060,2021-12-02 17:00:00,0.30000000000001137,
178,52050060,2021-12-02 18:00:00,0.6999999999999886,
179,52050060,2021-12-02 19:00:00,0.4000000000000057,
180,52050060,2021-12-02 20:00:00,0.09999999999999432,
181,52050060,2021-12-02 21:00:00,0.09999999999999432,
182,52050060,2021-12-02 22:00:00,0.09999999999999432,
183,52050060,2021-12-02 23:00:00,0.20000000000001705,
184,52050060,2021-12-03 00:00:00,0.09999999999999432,
185,52050060,2021-12-03 01:00:00,0.09999999999999432,
186,52050060,2021-12-03 02:00:00,0.09999999999999432,
187,52050060,2021-12-03 03:00:00,,
188,52050060,2021-12-03 04:00:00,0.10000000000002274,
189,52050060,2021-12-03 05:00:00,,
190,52050060,2021-12-03 06:00:00,0.09999999999999432,
191,52050060,2021-12-03 07:00:00,0.09999999999999432,
192,52050060,2021-12-03 08:00:00,,
193,52050060,2021-12-03 09:00:00,,
194,52050060,2021-12-03 10:00:00,0.10000000000002274,
195,52050060,2021-12-03 11:00:00,,
196,52050060,2021-12-03 12:00:00,0.6999999999999886,
197,52050060,2021-12-03 13:00:00,0.09999999999999432,
198,52050060,2021-12-03 14:00:00,0.20000000000001705,
199,52050060,2021-12-03 15:00:00,15.5,
200,52050060,2021-12-03 17:00:00,,
201,52050060,2021-12-03 18:00:00,,
202,52050060,2021-12-03 19:00:00,3.4000000000000057,
203,52050060,2021-12-03 20:00:00,0.8999999999999773,
204,52050060,2021-12-03 21:00:00,,
205,52050060,2021-12-03 22:00:00,,
206,52050060,2021-12-03 23:00:00,,
207,52050060,2021-12-04 00:00:00,1.6999999999999886,
208,52050060,2021-12-04 01:00:00,0.4000000000000057,
209,52050060,2021-12-04 02:00:00,,
210,52050060,2021-12-04 03:00:00,2.5,
211,52050060,2021-12-04 04:00:00,,
212,52050060,2021-12-04 05:00:00,1.200000000000017,
213,52050060,2021-12-04 06:00:00,4.199999999999989,
214,52050060,2021-12-04 07:00:00,4.699999999999989,
215,52050060,2021-12-04 08:00:00,,
216,52050060,2021-12-04 09:00:00,,
217,52050060,2021-12-04 10:00:00,1.3000000000000114,
218,52050060,2021-12-04 11:00:00,,
219,52050060,2021-12-04 12:00:00,10.799999999999983,
220,52050060,2021-12-04 13:00:00,8.200000000000017,
221,52050060,2021-12-04 14:00:00,,
222,52050060,2021-12-04 15:00:00,,
223,52050060,2021-12-04 16:00:00,,
224,52050060,2021-12-04 17:00:00,,
225,52050060,2021-12-04 18:00:00,,
226,52050060,2021-12-04 19:00:00,6.599999999999994,
227,52050060,2021-12-04 20:00:00,,
228,52050060,2021-12-04 21:00:00,,
229,52050060,2021-12-04 22:00:00,0.799999999999983,
230,52050060,2021-12-04 23:00:00,1.1000000000000227,
231,52050060,2021-12-05 00:00:00,0.19999999999998863,
232,52050060,2021-12-05 01:00:00,5.900000000000006,
233,52050060,2021-12-05 02:00:00,0.19999999999998863,
234,52050060,2021-12-05 03:00:00,,
235,52050060,2021-12-05 04:00:00,3.8000000000000114,
236,52050060,2021-12-05 05:00:00,,
237,52050060,2021-12-05 06:00:00,,
238,52050060,2021-12-05 07:00:00,2.200000000000017,
239,52050060,2021-12-05 08:00:00,6.900000000000006,
240,52050060,2021-12-05 09:00:00,2.0999999999999943,
241,52050060,2021-12-05 10:00:00,2.9000000000000057,
242,52050060,2021-12-05 11:00:00,9.199999999999989,
243,52050060,2021-12-05 12:00:00,2.1999999999999886,
244,52050060,2021-12-05 13:00:00,,
245,52050060,2021-12-05 14:00:00,,
246,52050060,2021-12-05 15:00:00,7.599999999999994,
247,52050060,2021-12-05 16:00:00,,
248,52050060,2021-12-05 17:00:00,,
249,52050060,2021-12-05 18:00:00,,
250,52050060,2021-12-05 19:00:00,2.3000000000000114,
251,52050060,2021-12-05 20:00:00,,
252,52050060,2021-12-05 21:00:00,1.0,
253,52050060,2021-12-05 22:00:00,1.3000000000000114,
254,52050060,2021-12-05 23:00:00,2.1999999999999886,
255,52050060,2021-12-06 00:00:00,4.300000000000011,
256,52050060,2021-12-06 01:00:00,0.5,
257,52050060,2021-12-06 02:00:00,1.799999999999983,
258,52050060,2021-12-06 03:00:00,,
259,52050060,2021-12-06 04:00:00,,
260,52050060,2021-12-06 05:00:00,,
261,52050060,2021-12-06 06:00:00,,
262,52050060,2021-12-06 07:00:00,0.6999999999999886,
263,52050060,2021-12-06 08:00:00,6.400000000000006,
264,52050060,2021-12-06 09:00:00,5.199999999999989,
265,52050060,2021-12-06 10:00:00,3.0,
266,52050060,2021-12-06 11:00:00,3.3000000000000114,
267,52050060,2021-12-06 12:00:00,,
268,52050060,2021-12-06 13:00:00,8.100000000000023,
269,52050060,2021-12-06 14:00:00,,
270,52050060,2021-12-06 17:00:00,,
271,52050060,2021-12-06 18:00:00,,
272,52050060,2021-12-06 19:00:00,5.100000000000023,
273,52050060,2021-12-06 20:00:00,,
274,52050060,2021-12-06 21:00:00,2.0999999999999943,
275,52050060,2021-12-06 22:00:00,,
276,52050060,2021-12-06 23:00:00,1.200000000000017,
277,52050060,2021-12-07 00:00:00,0.6999999999999886,
278,52050060,2021-12-07 01:00:00,,
279,52050060,2021-12-07 02:00:00,2.299999999999983,
280,52050060,2021-12-07 03:00:00,2.5,
281,52050060,2021-12-07 04:00:00,0.4000000000000057,
282,52050060,2021-12-07 05:00:00,0.19999999999998863,
283,52050060,2021-12-07 06:00:00,0.4000000000000057,
284,52050060,2021-12-07 07:00:00,,
285,52050060,2021-12-07 08:00:00,1.0999999999999943,
286,52050060,2021-12-07 09:00:00,7.300000000000011,
287,52050060,2021-12-07 10:00:00,,
288,52050060,2021-12-07 11:00:00,17.0,
289,52050060,2021-12-07 12:00:00,3.5999999999999943,
290,52050060,2021-12-07 13:00:00,,
291,52050060,2021-12-07 14:00:00,,
292,52050060,2021-12-07 15:00:00,,
293,52050060,2021-12-07 16:00:00,1.0,
294,52050060,2021-12-07 17:00:00,,
295,52050060,2021-12-07 18:00:00,7.699999999999989,
296,52050060,2021-12-07 19:00:00,,
297,52050060,2021-12-07 20:00:00,,
298,52050060,2021-12-07 21:00:00,,
299,52050060,2021-12-07 22:00:00,2.299999999999983,
300,52050060,2021-12-07 23:00:00,,
301,52050060,2021-12-08 00:00:00,0.30000000000001137,
302,52050060,2021-12-08 01:00:00,5.299999999999983,
303,52050060,2021-12-08 02:00:00,1.5,
304,52050060,2021-12-08 03:00:00,0.20000000000001705,
305,52050060,2021-12-08 04:00:00,0.19999999999998863,
306,52050060,2021-12-08 05:00:00,0.09999999999999432,
307,52050060,2021-12-08 06:00:00,,
308,52050060,2021-12-08 07:00:00,2.3000000000000114,
309,52050060,2021-12-08 08:00:00,6.400000000000006,
310,52050060,2021-12-08 09:00:00,,
311,52050060,2021-12-08 10:00:00,16.099999999999994,
312,52050060,2021-12-08 11:00:00,,
313,52050060,2021-12-08 12:00:00,3.8000000000000114,
314,52050060,2021-12-08 13:00:00,0.5999999999999943,
315,52050060,2021-12-08 14:00:00,,
316,52050060,2021-12-08 15:00:00,3.0999999999999943,
317,52050060,2021-12-08 16:00:00,,
318,52050060,2021-12-08 17:00:00,,
319,52050060,2021-12-08 18:00:00,,
320,52050060,2021-12-08 19:00:00,1.3999999999999773,
321,52050060,2021-12-08 20:00:00,1.200000000000017,
322,52050060,2021-12-08 21:00:00,,
323,52050060,2021-12-08 22:00:00,,
324,52050060,2021-12-08 23:00:00,1.8000000000000114,
325,52050060,2021-12-09 00:00:00,0.39999999999997726,
326,52050060,2021-12-09 01:00:00,,
327,52050060,2021-12-09 02:00:00,6.099999999999994,
328,52050060,2021-12-09 03:00:00,0.8000000000000114,
329,52050060,2021-12-09 04:00:00,,
330,52050060,2021-12-09 05:00:00,,
331,52050060,2021-12-09 06:00:00,,
332,52050060,2021-12-09 07:00:00,4.5,
333,52050060,2021-12-09 08:00:00,5.599999999999994,
334,52050060,2021-12-09 09:00:00,1.5,
335,52050060,2021-12-09 10:00:00,15.900000000000006,
336,52050060,2021-12-09 11:00:00,6.599999999999994,
337,52050060,2021-12-09 13:00:00,,
338,52050060,2021-12-09 14:00:00,,
339,52050060,2021-12-09 15:00:00,3.799999999999983,
340,52050060,2021-12-09 18:00:00,,
341,52050060,2021-12-09 19:00:00,,
342,52050060,2021-12-09 20:00:00,,
343,52050060,2021-12-09 21:00:00,,
344,52050060,2021-12-09 22:00:00,0.5999999999999943,
345,52050060,2021-12-09 23:00:00,2.9000000000000057,
346,52050060,2021-12-10 00:00:00,4.799999999999983,
347,52050060,2021-12-10 01:00:00,0.9000000000000057,
348,52050060,2021-12-10 02:00:00,,
349,52050060,2021-12-10 03:00:00,0.5,
350,52050060,2021-12-10 04:00:00,,
351,52050060,2021-12-10 05:00:00,,
352,52050060,2021-12-10 06:00:00,0.5,
353,52050060,2021-12-10 07:00:00,6.800000000000011,
354,52050060,2021-12-10 08:00:00,7.5,
355,52050060,2021-12-10 09:00:00,,
356,52050060,2021-12-10 10:00:00,9.699999999999989,
357,52050060,2021-12-10 11:00:00,9.599999999999994,
358,52050060,2021-12-10 12:00:00,,
359,52050060,2021-12-10 13:00:00,3.5999999999999943,
360,52050060,2021-12-10 14:00:00,,
361,52050060,2021-12-10 15:00:00,,
362,52050060,2021-12-10 16:00:00,,
363,52050060,2021-12-10 17:00:00,,
364,52050060,2021-12-10 18:00:00,1.5,
365,52050060,2021-12-10 19:00:00,,
366,52050060,2021-12-10 20:00:00,,
367,52050060,2021-12-10 21:00:00,,
368,52050060,2021-12-10 22:00:00,1.799999999999983,
369,52050060,2021-12-10 23:00:00,3.4000000000000057,
370,52050060,2021-12-11 00:00:00,3.700000000000017,
371,52050060,2021-12-11 01:00:00,0.6999999999999886,
372,52050060,2021-12-11 02:00:00,0.30000000000001137,
373,52050060,2021-12-11 03:00:00,,
374,52050060,2021-12-11 04:00:00,0.09999999999999432,
375,52050060,2021-12-11 05:00:00,,
376,52050060,2021-12-11 06:00:00,1.0,
377,52050060,2021-12-11 07:00:00,,
378,52050060,2021-12-11 08:00:00,5.800000000000011,
379,52050060,2021-12-11 09:00:00,4.300000000000011,
380,52050060,2021-12-11 10:00:00,15.799999999999983,
381,52050060,2021-12-11 11:00:00,1.0,
382,52050060,2021-12-11 12:00:00,,
383,52050060,2021-12-11 13:00:00,17.30000000000001,
384,52050060,2021-12-11 14:00:00,,
385,52050060,2021-12-11 15:00:00,,
386,52050060,2021-12-11 16:00:00,,
387,52050060,2021-12-11 17:00:00,,
388,52050060,2021-12-11 19:00:00,,
389,52050060,2021-12-11 20:00:00,,
390,52050060,2021-12-11 21:00:00,,
391,52050060,2021-12-11 22:00:00,,
392,52050060,2021-12-12 09:00:00,,
393,52050060,2021-12-12 10:00:00,,
394,52050060,2021-12-12 14:00:00,,
395,52050060,2021-12-12 15:00:00,0.09999999999999432,
396,52050060,2021-12-12 16:00:00,,
397,52050060,2021-12-12 17:00:00,,
398,52050060,2021-12-12 18:00:00,4.600000000000023,
399,52050060,2021-12-12 19:00:00,,
400,52050060,2021-12-12 20:00:00,2.6999999999999886,
401,52050060,2021-12-12 21:00:00,1.8000000000000114,
402,52050060,2021-12-12 22:00:00,1.0,
403,52050060,2021-12-12 23:00:00,,
404,52050060,2021-12-13 00:00:00,0.29999999999998295,
405,52050060,2021-12-13 01:00:00,,
406,52050060,2021-12-13 02:00:00,0.19999999999998863,
407,52050060,2021-12-13 03:00:00,,
408,52050060,2021-12-13 04:00:00,1.700000000000017,
409,52050060,2021-12-13 05:00:00,2.3999999999999773,
410,52050060,2021-12-13 06:00:00,3.8000000000000114,
411,52050060,2021-12-13 07:00:00,0.7999999999999972,
412,52050060,2021-12-13 08:00:00,2.0,
413,52050060,2021-12-13 09:00:00,4.700000000000003,
414,52050060,2021-12-13 10:00:00,,
415,52050060,2021-12-13 11:00:00,9.800000000000011,
416,52050060,2021-12-13 12:00:00,,
417,52050060,2021-12-13 13:00:00,11.799999999999997,
418,52050060,2021-12-13 14:00:00,,
419,52050060,2021-12-13 15:00:00,6.099999999999994,
420,52050060,2021-12-13 16:00:00,,
421,52050060,2021-12-13 18:00:00,,
422,52050060,2021-12-13 19:00:00,,
423,52050060,2021-12-15 20:00:00,,
424,52050060,2021-12-15 21:00:00,11.300000000000011,
425,52050060,2021-12-15 22:00:00,,
426,52050060,2021-12-16 00:00:00,,
427,52050060,2021-12-16 02:00:00,,
428,52050060,2021-12-16 07:00:00,,
429,52050060,2021-12-16 08:00:00,10.700000000000003,
430,52050060,2021-12-16 18:00:00,,
431,52050060,2021-12-16 19:00:00,9.300000000000011,
432,52050060,2021-12-16 20:00:00,,
433,52050060,2021-12-16 21:00:00,6.0,
434,52050060,2021-12-16 23:00:00,,
435,52050060,2021-12-17 01:00:00,,
436,52050060,2021-12-17 02:00:00,1.200000000000017,
437,52050060,2021-12-17 03:00:00,,
438,52050060,2021-12-17 06:00:00,,
439,52050060,2021-12-17 07:00:00,6.5,
440,52050060,2021-12-17 08:00:00,18.60000000000001,
441,52050060,2021-12-17 09:00:00,,
442,52050060,2021-12-17 10:00:00,16.200000000000017,
443,52050060,2021-12-17 11:00:00,3.1999999999999886,
444,52050060,2021-12-17 12:00:00,,
445,52050060,2021-12-17 13:00:00,,
446,52050060,2021-12-17 14:00:00,9.0,
447,52050060,2021-12-17 15:00:00,,
448,52050060,2021-12-17 16:00:00,,
449,52050060,2021-12-17 17:00:00,4.800000000000011,
450,52050060,2021-12-17 18:00:00,,
451,52050060,2021-12-17 19:00:00,,
452,52050060,2021-12-17 20:00:00,8.400000000000006,
453,52050060,2021-12-17 21:00:00,5.399999999999977,
454,52050060,2021-12-17 22:00:00,3.1000000000000227,
455,52050060,2021-12-17 23:00:00,,
456,52050060,2021-12-18 00:00:00,,
457,52050060,2021-12-18 01:00:00,7.699999999999989,
458,52050060,2021-12-18 02:00:00,,
459,52050060,2021-12-18 03:00:00,,
460,52050060,2021-12-18 04:00:00,1.0,
461,52050060,2021-12-18 05:00:00,,
462,52050060,2021-12-18 10:00:00,,
463,52050060,2021-12-18 11:00:00,13.400000000000006,
464,52050060,2021-12-18 12:00:00,,
465,52050060,2021-12-18 16:00:00,,
466,52050060,2021-12-18 17:00:00,6.200000000000017,
467,52050060,2021-12-18 18:00:00,,
468,52050060,2021-12-18 19:00:00,,
469,52050060,2021-12-18 20:00:00,,
470,52050060,2021-12-18 23:00:00,,
471,52050060,2021-12-19 00:00:00,,
472,52050060,2021-12-19 16:00:00,,
473,52050060,2021-12-19 18:00:00,,
474,52050060,2021-12-19 19:00:00,,
475,52050060,2021-12-19 20:00:00,9.400000000000006,
476,52050060,2021-12-19 21:00:00,,
477,52050060,2021-12-19 22:00:00,4.0,
478,52050060,2021-12-19 23:00:00,5.0,
479,52050060,2021-12-20 00:00:00,5.899999999999977,
480,52050060,2021-12-20 01:00:00,,
481,52050060,2021-12-20 02:00:00,1.6000000000000227,
482,52050060,2021-12-20 03:00:00,5.399999999999977,
483,52050060,2021-12-20 04:00:00,,
484,52050060,2021-12-20 05:00:00,,
485,52050060,2021-12-20 06:00:00,0.8000000000000114,
486,52050060,2021-12-20 07:00:00,,
487,52050060,2021-12-20 08:00:00,5.300000000000011,
488,52050060,2021-12-20 10:00:00,,
489,52050060,2021-12-20 11:00:00,,
490,52050060,2021-12-20 12:00:00,,
491,52050060,2021-12-20 14:00:00,,
492,52050060,2021-12-20 15:00:00,4.399999999999977,
493,52050060,2021-12-20 17:00:00,,
494,52050060,2021-12-20 18:00:00,0.8000000000000114,
495,52050060,2021-12-20 19:00:00,2.299999999999983,
496,52050060,2021-12-20 21:00:00,,
497,52050060,2021-12-20 22:00:00,1.4000000000000057,
498,52050060,2021-12-20 23:00:00,,
499,52050060,2021-12-21 00:00:00,,
500,52050060,2021-12-21 01:00:00,13.900000000000006,
501,52050060,2021-12-21 02:00:00,,
502,52050060,2021-12-21 03:00:00,,
503,52050060,2021-12-21 04:00:00,12.599999999999994,
504,52050060,2021-12-21 08:00:00,,
505,52050060,2021-12-21 12:00:00,,
506,52050060,2021-12-21 13:00:00,1.0999999999999943,
507,52050060,2021-12-21 14:00:00,,
508,52050060,2021-12-21 16:00:00,,
509,52050060,2021-12-21 17:00:00,,
510,52050060,2021-12-21 18:00:00,,
511,52050060,2021-12-21 19:00:00,7.900000000000006,
512,52050060,2021-12-21 20:00:00,8.599999999999994,
513,52050060,2021-12-21 21:00:00,,
514,52050060,2021-12-21 22:00:00,5.399999999999977,
515,52050060,2021-12-21 23:00:00,1.5,
516,52050060,2021-12-22 00:00:00,,
517,52050060,2021-12-22 01:00:00,4.5,
518,52050060,2021-12-22 02:00:00,,
519,52050060,2021-12-22 03:00:00,,
520,52050060,2021-12-22 04:00:00,1.4000000000000057,
521,52050060,2021-12-22 05:00:00,1.299999999999983,
522,52050060,2021-12-22 06:00:00,,
523,52050060,2021-12-22 07:00:00,3.5999999999999943,
524,52050060,2021-12-22 08:00:00,2.4000000000000057,
525,52050060,2021-12-22 09:00:00,,
526,52050060,2021-12-22 10:00:00,,
527,52050060,2021-12-22 11:00:00,6.400000000000006,
528,52050060,2021-12-22 12:00:00,5.5,
529,52050060,2021-12-22 13:00:00,2.6999999999999886,
530,52050060,2021-12-22 14:00:00,,
531,52050060,2021-12-22 15:00:00,,
532,52050060,2021-12-22 16:00:00,7.099999999999994,
533,52050060,2021-12-22 17:00:00,,
534,52050060,2021-12-22 18:00:00,,
535,52050060,2021-12-22 19:00:00,,
536,52050060,2021-12-22 20:00:00,,
537,52050060,2021-12-22 21:00:00,4.400000000000006,
538,52050060,2021-12-22 22:00:00,0.8999999999999773,
539,52050060,2021-12-22 23:00:00,5.600000000000023,
540,52050060,2021-12-23 00:00:00,,
541,52050060,2021-12-23 01:00:00,13.299999999999983,
542,52050060,2021-12-23 02:00:00,,
543,52050060,2021-12-23 03:00:00,9.5,
544,52050060,2021-12-23 04:00:00,0.10000000000000853,
545,52050060,2021-12-23 05:00:00,4.5,
546,52050060,2021-12-23 06:00:00,,
547,52050060,2021-12-23 07:00:00,,
548,52050060,2021-12-23 08:00:00,2.5,
549,52050060,2021-12-23 09:00:00,14.699999999999989,
550,52050060,2021-12-23 10:00:00,,
551,52050060,2021-12-23 11:00:00,8.899999999999991,
552,52050060,2021-12-23 12:00:00,,
553,52050060,2021-12-23 13:00:00,6.599999999999994,
554,52050060,2021-12-23 14:00:00,,
555,52050060,2021-12-23 15:00:00,4.900000000000006,
556,52050060,2021-12-23 16:00:00,,
557,52050060,2021-12-23 17:00:00,,
558,52050060,2021-12-23 18:00:00,,
559,52050060,2021-12-23 19:00:00,4.5,
560,52050060,2021-12-23 20:00:00,1.1999999999999886,
561,52050060,2021-12-23 21:00:00,0.9000000000000057,
562,52050060,2021-12-23 22:00:00,13.100000000000009,
563,52050060,2021-12-23 23:00:00,10.5,
564,52050060,2021-12-24 00:00:00,,
565,52050060,2021-12-24 01:00:00,,
566,52050060,2021-12-24 02:00:00,,
567,52050060,2021-12-24 03:00:00,,
568,52050060,2021-12-24 04:00:00,,
569,52050060,2021-12-24 05:00:00,,
570,52050060,2021-12-24 08:00:00,,
571,52050060,2021-12-24 11:00:00,,
572,52050060,2021-12-24 12:00:00,,
573,52050060,2021-12-24 13:00:00,,
574,52050060,2021-12-24 14:00:00,,
575,52050060,2021-12-24 15:00:00,14.299999999999997,
576,52050060,2021-12-24 16:00:00,,
577,52050060,2021-12-24 17:00:00,,
578,52050060,2021-12-24 18:00:00,,
579,52050060,2021-12-24 19:00:00,9.599999999999994,
580,52050060,2021-12-24 20:00:00,,
581,52050060,2021-12-24 21:00:00,0.19999999999998863,
582,52050060,2021-12-24 22:00:00,17.80000000000001,
583,52050060,2021-12-24 23:00:00,6.599999999999994,
584,52050060,2021-12-25 00:00:00,,
585,52050060,2021-12-25 01:00:00,,
586,52050060,2021-12-25 02:00:00,,
587,52050060,2021-12-25 03:00:00,,
588,52050060,2021-12-25 04:00:00,,
589,52050060,2021-12-25 10:00:00,,
590,52050060,2021-12-25 11:00:00,18.400000000000006,
591,52050060,2021-12-25 13:00:00,,
592,52050060,2021-12-25 14:00:00,,
593,52050060,2021-12-25 15:00:00,1.5,
594,52050060,2021-12-25 16:00:00,,
595,52050060,2021-12-25 17:00:00,,
596,52050060,2021-12-25 18:00:00,,
597,52050060,2021-12-25 19:00:00,,
598,52050060,2021-12-25 20:00:00,4.600000000000023,
599,52050060,2021-12-26 00:00:00,,
600,52050060,2021-12-26 01:00:00,,
601,52050060,2021-12-26 10:00:00,,
602,52050060,2021-12-26 11:00:00,18.80000000000001,
603,52050060,2021-12-26 13:00:00,,
604,52050060,2021-12-26 14:00:00,4.400000000000006,
605,52050060,2021-12-26 15:00:00,,
606,52050060,2021-12-26 16:00:00,,
607,52050060,2021-12-26 17:00:00,,
608,52050060,2021-12-26 18:00:00,,
609,52050060,2021-12-26 19:00:00,9.099999999999994,
610,52050060,2021-12-26 20:00:00,15.599999999999994,
611,52050060,2021-12-26 21:00:00,0.8000000000000114,
612,52050060,2021-12-26 22:00:00,,
613,52050060,2021-12-27 10:00:00,,
614,52050060,2021-12-27 12:00:00,,
615,52050060,2021-12-27 13:00:00,,
616,52050060,2021-12-27 14:00:00,,
617,52050060,2021-12-27 15:00:00,,
618,52050060,2021-12-27 16:00:00,,
619,52050060,2021-12-27 17:00:00,,
620,52050060,2021-12-27 18:00:00,,
621,52050060,2021-12-27 19:00:00,8.300000000000011,
622,52050060,2021-12-27 20:00:00,11.5,
623,52050060,2021-12-27 21:00:00,,
624,52050060,2021-12-27 23:00:00,,
625,52050060,2021-12-28 13:00:00,,
626,52050060,2021-12-28 14:00:00,,
627,52050060,2021-12-28 15:00:00,,
628,52050060,2021-12-28 16:00:00,,
629,52050060,2021-12-28 17:00:00,2.1000000000000085,
630,52050060,2021-12-28 18:00:00,,
631,52050060,2021-12-28 19:00:00,,
632,52050060,2021-12-28 20:00:00,,
633,52050060,2021-12-29 13:00:00,,
634,52050060,2021-12-29 14:00:00,,
635,52050060,2021-12-29 15:00:00,,
636,52050060,2021-12-29 16:00:00,3.1000000000000085,
637,52050060,2021-12-29 17:00:00,5.200000000000003,
638,52050060,2021-12-29 18:00:00,0.5999999999999943,
639,52050060,2021-12-30 13:00:00,,
640,52050060,2021-12-30 15:00:00,,
641,52050060,2021-12-30 16:00:00,,
642,52050060,2021-12-30 17:00:00,2.0,
643,52050060,2021-12-31 14:00:00,,
644,52050060,2021-12-31 15:00:00,4.3999999999999915,
645,52050060,2021-12-31 16:00:00,,
646,52050060,2022-01-01 12:00:00,,
647,52050060,2022-01-01 14:00:00,,
648,52050060,2022-01-01 15:00:00,,
649,52050060,2022-05-08 16:00:00,,
650,52050060,2022-05-08 18:00:00,,
651,52050060,2022-05-08 19:00:00,,
652,52050060,2022-05-08 21:00:00,,
653,52050060,2022-05-09 00:00:00,,
