;Station;lat;long;entidad;FreqInf;Observ;RASTERVALU;RegsNat;RP_ACP;LimInfRP
0;11025501;5.88871944;-76.14516667;CENICAFE;5T;;1649;Andina;11;7.150661486
1;11030010;5.38;-76.61;IDEAM;H;;92;Pacífico;10;36.58247136
2;11035030;5.284827778;-76.62782222;IDEAM;H;;102;Pacífico;10;36.58247136
3;11045010;5.690555556;-76.64377778;IDEAM;H;;53;Pacífico;10;36.58247136
4;11050020;5.994722222;-76.78002778;IDEAM;H;;25;Pacífico;10;36.58247136
5;11080010;6.559166667;-76.88541667;IDEAM;H;;18;Pacífico;10;36.58247136
6;11105020;7.154333333;-76.97719444;IDEAM;H;;6;Pacífico;9;25.39885909
7;11115020;6.758027778;-76.02966667;IDEAM;H;;1271;Andina;11;7.150661486
8;11115501;6.748275;-76.03155556;CENICAFE;5T;;1450;Andina;11;7.150661486
9;11120040;7.439444444;-77.11527778;IDEAM;H;;3;Pacífico;10;36.58247136
10;11135030;8.036722222;-77.08786111;IDEAM;H;;10;Pacífico;9;25.39885909
11;11155030;8.61625;-77.32819444;IDEAM;H;;5;Pacífico;9;25.39885909
12;11159010;8.62;-77.33;IDEAM;H;;26;Pacífico;9;25.39885909
13;11175000;5.585776;-76.649978;IDEAM;H;;42;Pacífico;10;36.58247136
14;12015060;7.77;-76.67;IDEAM;H;;32;Andina;6;15.46150028
15;12015100;7.94075;-76.69616667;IDEAM;H;Inicial 5T, luego H;7;Caribe;6;15.46150028
16;12015110;7.671138889;-76.69405556;IDEAM;H;;31;Andina;6;15.46150028
17;12025040;8.091805556;-76.71633333;IDEAM;H;;8;Caribe;6;15.46150028
18;12045020;9.071111111;-76.22444444;IDEAM;H;;9;Caribe;6;15.46150028
19;13035501;8.825833333;-75.82513889;IDEAM;H;;11;Caribe;6;15.46150028
20;13055040;8.746944444;-75.91388889;IDEAM;H;;13;Caribe;6;15.46150028
21;13085030;9.37;-75.95;IDEAM;H;;3;Caribe;6;15.46150028
22;13085050;9.252722222;-75.84441667;IDEAM;H;Inicia 15T, luego H;28;Caribe;6;15.46150028
23;13095010;9.383333333;-75.66666667;IDEAM;H;;14;Caribe;6;15.46150028
24;14015010;10.79416667;-75.26055556;IDEAM;H;;4;Caribe;4;17.34192196
25;14015020;10.447;-75.516;IDEAM;H;;5;Caribe;4;17.34192196
26;14015080;10.44725;-75.51602778;IDEAM;H;;6;Caribe;4;17.34192196
27;14017001;10.23491667;-75.74055;INVEMAR;H;;0;Caribe;4;17.34192196
28;15015050;11.1146944;-74.23102778;IDEAM;H;;0;Caribe;3;10.48394793
29;15015060;11.11108333;-74.05469444;IDEAM;H;;2267;Caribe;3;10.48394793
30;15015100;11.31;-73.93;IDEAM;H;;2;Caribe;3;10.48394793
31;15015120;11.22305556;-74.18591667;IDEAM;H;;19;Caribe;3;10.48394793
32;15035020;11.2525;-73.41138889;IDEAM;H;;3;Caribe;2;3.679334172
33;15065040;10.89813889;-72.82847222;IDEAM;H;;163;Caribe;2;3.679334172
34;15065180;11.5284444;-72.91772222;IDEAM;H;;12;Caribe;2;3.679334172
35;15065190;11.22677778;-72.82063889;IDEAM;H;;57;Caribe;2;3.679334172
36;15065501;11.13758333;-72.61594444;IDEAM;H;;101;Caribe;2;3.679334172
37;15075150;11.59494444;-72.32575;IDEAM;H;;42;Caribe;2;3.679334172
38;15075501;12.22430556;-71.98288889;IDEAM;H;;23;Caribe;2;3.679334172
39;15079010;12.22427778;-71.96766667;IDEAM;H;;3;Caribe;2;3.679334172
40;15085030;11.21675;-72.35994444;IDEAM;H;;118;Caribe;2;3.679334172
41;15085050;12.08352778;-71.21094444;IDEAM;H;;165;Caribe;2;3.679334172
42;16015110;7.898777778;-72.48716667;IDEAM;H;;296;Andina;8;13.68987482
43;16015120;7.360944444;-72.66605556;IDEAM;H;;2632;Andina;8;13.68987482
44;16015130;7.506722222;-72.48536111;IDEAM;H;;2013;Andina;8;13.68987482
45;16015501;7.93028;-72.50917;IDEAM;H;;309;Andina;8;13.68987482
46;16015502;7.56499722;-72.62110833;CENICAFE;5T;;1245;Andina;8;13.68987482
47;16025040;8.16728;-72.47878;IDEAM;H;;96;Andina;8;13.68987482
48;16025501;7.51945556;-72.79790278;CENICAFE;5T;;1625;Andina;8;13.68987482
49;16025502;7.73916667;-72.78055278;CENICAFE;5T;;910;Andina;8;13.68987482
50;16025503;7.92316389;-72.83375556;CENICAFE;5T;;1740;Andina;8;13.68987482
51;16035010;8.638333333;-72.72666667;IDEAM;H;;57;Andina;8;13.68987482
52;16035030;8.076666667;-72.80305556;IDEAM;H;;308;Andina;8;13.68987482
53;16035501;8.15116944;-72.86776667;CENICAFE;5T;;1472;Andina;8;13.68987482
54;16040050;7.93485;-73.21358;IDEAM;H;;1918;Andina;8;13.68987482
55;16055120;8.22769;-73.3975;IDEAM;H;;1668;Andina;8;13.68987482
56;16055501;8.41249722;-73.33944167;CENICAFE;5T;;1246;Andina;8;13.68987482
57;17015010;12.587849;-81.701117;IDEAM;H;;;;;51.04528974
58;17017001;12.59930556;-81.68936083;INVEMAR;H;;;;;9.252101458
59;17025020;13.3595;-81.35772194;IDEAM;H;;;;;58.49150217
60;17035010;15.7975;-79.85222194;IDEAM;H;;;;;-66.88219796
61;21015030;1.888472222;-76.29497222;IDEAM;H;;1754;Andina;22;23.03727746
62;21015040;2.021583333;-76.11433333;IDEAM;H;;1895;Andina;22;23.03727746
63;21015050;1.925916667;-76.42755556;IDEAM;H;;1975;Andina;22;23.03727746
64;21015060;2.221111111;-76.11888889;IDEAM;H;;2210;Andina;22;23.03727746
65;21015070;1.675833;-76.106841;IDEAM;H;;1946;Andina;22;23.03727746
66;21015501;1.77752778;-76.19163889;CENICAFE;5T;;1515;Andina;22;23.03727746
67;21015502;1.85141667;-76.30433056;CENICAFE;5T;;1806;Andina;22;23.03727746
68;21025030;2.079166667;-75.73622222;IDEAM;H;;1339;Andina;22;23.03727746
69;21035040;1.87;-75.83;IDEAM;H;;1040;Andina;22;23.03727746
70;21035501;1.76319167;-75.93224722;CENICAFE;5T;;1396;Andina;22;23.03727746
71;21045010;2.281583333;-75.70508333;IDEAM;H;;782;Andina;19;9.770656205
72;21045501;2.04194167;-76.01191667;CENICAFE;5T;;1558;Andina;22;23.03727746
73;21050060;2.199055556;-75.97227778;IDEAM;H;;1542;Andina;22;23.03727746
74;21050090;2.551444444;-75.8065;IDEAM;H;;1573;Andina;19;9.770656205
75;21055020;2.38;-75.89;IDEAM;H;;1029;Andina;19;9.770656205
76;21055070;2.548194444;-76.06394444;IDEAM;H;;1872;Andina;19;9.770656205
77;21055501;2.34583056;-75.87805556;CENICAFE;5T;;1718;Andina;19;9.770656205
78;21065040;2.2525;-75.52944444;IDEAM;H;;1306;Andina;19;9.770656205
79;21065501;2.32555278;-75.50972222;CENICAFE;5T;;1429;Andina;19;9.770656205
80;21085030;2.76;-75.58;IDEAM;H;;1208;Andina;19;9.770656205
81;21085501;2.76299722;-75.61144167;CENICAFE;5T;;1595;Andina;19;9.770656205
82;21095010;2.828805556;-75.33116667;IDEAM;H;;488;Andina;19;9.770656205
83;21105030;2.52;-75.31999722;IDEAM;H;;997;Andina;19;9.770656205
84;21105040;2.696805556;-75.29888889;IDEAM;H;;666;Andina;19;9.770656205
85;21105050;2.603055556;-75.41833333;IDEAM;H;;592;Andina;19;9.770656205
86;21105501;2.59502778;-75.22852778;CENICAFE;5T;;1522;Andina;19;9.770656205
87;21115010;3.234472222;-75.16819444;IDEAM;H;;449;Andina;19;9.770656205
88;21115100;2.942638889;-75.06638889;IDEAM;H;;1181;Andina;19;9.770656205
89;21115170;2.759138889;-75.07455556;IDEAM;H;;2086;Andina;19;9.770656205
90;21115180;3.133055556;-75.08152778;IDEAM;H;;548;Andina;19;9.770656205
91;21115501;2.96066667;-75.02849722;CENICAFE;5T;;1361;Andina;19;9.770656205
92;21125010;2.935694444;-75.58905556;IDEAM;H;;1343;Andina;19;9.770656205
93;21130050;3.243555556;-75.25594444;IDEAM;H;;396;Andina;19;9.770656205
94;21135020;3.855833333;-75.01572222;IDEAM;H;;314;Andina;18;12.47396368
95;21140120;3.425861111;-74.92025;IDEAM;H;;1490;Andina;19;9.770656205
96;21145080;3.589777778;-74.70294444;IDEAM;H;;1471;Andina;19;9.770656205
97;21165501;3.53715556;-74.82982778;CENICAFE;5T;;1742;Andina;19;9.770656205
98;21165502;3.95564167;-74.59178611;CENICAFE;5T;;1363;Andina;19;9.770656205
99;21185030;4.008833333;-74.98138889;IDEAM;H;;324;Andina;18;12.47396368
100;21185080;4.216458333;-75.10461111;IDEAM;H;;585;Andina;18;12.47396368
101;21185090;4.188138889;-74.96047222;IDEAM;H;;368;Andina;18;12.47396368
102;21185501;4.26666667;-75.28305556;CENICAFE;5T;;1185;Andina;18;12.47396368
103;21195120;4.39292;-74.39272;IDEAM;H;;1423;Andina;15;6.64329611
104;21195160;4.476611111;-74.38388889;IDEAM;H;;2061;Andina;15;6.64329611
105;21195170;3.993611111;-74.39805556;IDEAM;H;;3059;Andina;19;9.770656205
106;21195190;4.307188889;-74.30839889;IDEAM;H;;2183;Andina;15;6.64329611
107;21195501;4.36305278;-74.43527778;CENICAFE;5T;;1517;Andina;15;6.64329611
108;21195502;4.14469167;-74.42774722;CAR;H;;1926;Andina;19;9.770656205
109;21197430;4.36666667;-74.3;CAR;H;;2427;Andina;15;6.64329611
110;21201200;4.34264;-74.18381;IDEAM;5T;10T hasta r 48510, luego 5T;3370;Andina;12;10.59585194
111;21201580;4.44647201;-74.154839;IDEAM;10T;A veces 5T;2961;Andina;12;10.59585194
112;21201980;4.59157;-74.05471;FOPAE;5T;10T hasta r 25325; luego 5T;Andina;15;6.64329611
113;21202170;4.56666667;-74.16666667;FOPAE;5T;Mezclado final 10T;2726;Andina;15;6.64329611
114;21202180;4.54311;-74.15601;FOPAE;5T;Mezclado final 10T;2925;Andina;15;6.64329611
115;21202200;4.575;-74.072;IDEAM;H;;2765;Andina;15;6.64329611
116;21202220;4.62789;-74.0587;FOPAE;5T;;2748;Andina;15;6.64329611
117;21202230;4.48152;-74.12708;FOPAE;5T;10T hasta r 47554, lugeo 5T;2745;Andina;12;10.59585194
118;21202240;4.63546;-74.05746;FOPAE;5T;;2728;Andina;15;6.64329611
119;21202250;4.50082;-74.13739;FOPAE;5T;10T hasta r 34675, lugeo 5T;2834;Andina;12;10.59585194
120;21205012;4.63723;-74.08892;IDEAM;H;;2551;Andina;15;6.64329611
121;21205480;5.03333333;-73.71666667;CAR;10T;;2704;Andina;15;6.64329611
122;21205501;4.71861111;-74.45527778;CENICAFE;5T;;1324;Andina;15;6.64329611
123;21205502;4.54499722;-74.44055556;CENICAFE;5T;;1530;Andina;15;6.64329611
124;21205503;4.52269444;-74.40608333;CAR;H;;2040;Andina;15;6.64329611
125;21205505;4.97011111;-73.91827778;CAR;H;;2551;Andina;15;6.64329611
126;21205506;5.02505556;-74.15277778;CAR;H;;3241;Andina;15;6.64329611
127;21205507;4.72988889;-74.43080556;CAR;H;;1670;Andina;15;6.64329611
128;21205509;4.39666778;-74.6283125;CAR;10T;10T hasta 2024-02-07, r 161761, luego :10, :20 y H;380;Andina;15;6.64329611
129;21205511;5.00111111;-73.73333333;CAR;10T;10T hasta 2024-03-11, r 170478, luego :10, :20 y H;2763;Andina;15;6.64329611
130;21205512;4.46931639;-74.07945417;CAR;10T;10T hasta 2024-02-14, r 165254, luego :10, :20 y H;3166;Andina;12;10.59585194
131;21205513;4.50457667;-74.18418667;CAR;10T;10T hasta 2024-04-30, r 162574, luego :10, :20 y H;3105;Andina;15;6.64329611
132;21205514;4.46931639;-74.07945417;CAR;10T;;3166;Andina;12;10.59585194
133;21205515;4.70028889;-74.17378611;CAR;10T;;2543;Andina;15;6.64329611
134;21205516;5.17269444;-73.85177778;CAR;10T;10T hasta 2024-02-21, r 144802, luego :10, :20 y H;2917;Andina;15;6.64329611
135;21205517;4.78815722;-74.05005889;CAR;10T;;2556;Andina;15;6.64329611
136;21205518;5.17136111;-74.01566667;CAR;10T;;3276;Andina;15;6.64329611
137;21205519;4.45211111;-74.27228806;CAR;10T;;2838;Andina;15;6.64329611
138;21205521;4.73780972;-73.93579389;CAR;10T;;2997;Andina;15;6.64329611
139;21205522;4.91832167;-74.02864944;CAR;10T;;2559;Andina;15;6.64329611
140;21205523;4.78815722;-74.05005889;CAR;10T;;2556;Andina;15;6.64329611
141;21205524;5.07475;-74.05747222;CAR;10T;;3047;Andina;15;6.64329611
142;21205525;5.22880556;-73.58475;CAR;10T;;2834;Andina;15;6.64329611
143;21205526;4.69052778;-74.38905556;CAR;10T;;2079;Andina;15;6.64329611
144;21205527;5.19794444;-73.80466667;CAR;10T;;2972;Andina;15;6.64329611
145;21205660;4.5791;-74.52318;IDEAM;H;;770;Andina;15;6.64329611
146;21205670;4.770888889;-74.43763889;IDEAM;H;;1847;Andina;15;6.64329611
147;21205710;4.669333333;-74.10266667;IDEAM;H;;2554;Andina;15;6.64329611
148;21205791;4.705583333;-74.15066667;IDEAM;H;;2549;Andina;15;6.64329611
149;21205910;4.98922;-74.00119;IDEAM;H;;2559;Andina;15;6.64329611
150;21205940;4.83211;-74.38056;IDEAM;H;;2594;Andina;15;6.64329611
151;21205970;5.0905;-73.88125;IDEAM;H;;2568;Andina;15;6.64329611
152;21206280;4.64823;-74.32035;IDEAM;H;;2688;Andina;15;6.64329611
153;21206560;4.661111111;-74.13477778;IDEAM;H;;2547;Andina;15;6.64329611
154;21206600;4.782222222;-74.09433333;IDEAM;H;;2552;Andina;15;6.64329611
155;21206780;4.619272;-74.194594;FOPAE;5T;Mezclado 10T;2545;Andina;15;6.64329611
156;21206790;5.0905;-73.88125;IDEAM;H;;2568;Andina;15;6.64329611
157;21206810;4.56365303;-74.13845;EST_PART;5T;Mezclado 10T;2558;Andina;15;6.64329611
158;21206890;4.66577;-74.02861;FOPAE;5T;Mezclado 10T;3211;Andina;15;6.64329611
159;21206900;4.44914;-74.10792;FOPAE;5T;Mezclado 10T;3166;Andina;12;10.59585194
160;21206920;4.35;-74.15;IDEAM;H;;3399;Andina;12;10.59585194
161;21206930;5.08644;-74.02217;IDEAM;H;;3235;Andina;15;6.64329611
162;21206940;4.576861111;-74.17677778;IDEAM;H;;2814;Andina;15;6.64329611
163;21206950;5.236055556;-73.52508333;IDEAM;H;;3268;Andina;15;6.64329611
164;21206960;4.6;-74.06666667;IDEAM;H;;2653;Andina;15;6.64329611
165;21206980;4.784277778;-73.87080556;IDEAM;H;;3174;Andina;15;6.64329611
166;21206990;4.68863;-74.20559;IDEAM;H;;2540;Andina;15;6.64329611
167;21208480;4.61104201;-74.178333;EAAB;5T;Mezclado 10T;2550;Andina;15;6.64329611
168;21209940;4.53333333;-74.11666667;FOPAE;5T;Mezclado 10T;2587;Andina;12;10.59585194
169;21215150;4.670777778;-75.32777778;IDEAM;H;;4483;Andina;18;12.47396368
170;21215160;4.470361111;-75.24386111;IDEAM;H;;1695;Andina;18;12.47396368
171;21215170;4.402;-75.22905556;IDEAM;H;;1757;Andina;18;12.47396368
172;21215180;4.418388889;-75.24866667;IDEAM;H;;1276;Andina;18;12.47396368
173;21215190;4.435666667;-75.50036111;IDEAM;H;;2499;Andina;18;12.47396368
174;21215501;4.45;-75.25;CENICAFE;5T;;1303;Andina;18;12.47396368
175;21235030;4.305333333;-74.80811111;IDEAM;H;;296;Andina;15;6.64329611
176;21237020;5.202416667;-74.72761111;IDEAM;10T;2 valores;215;Andina;15;6.64329611
177;21237060;4.63333333;-74.65;CAR;10T;;457;Andina;15;6.64329611
178;21255090;5;-74.89999167;IDEAM;H;;284;Andina;14;14.37691386
179;21255160;4.760722222;-74.83425;IDEAM;H;;236;Andina;14;14.37691386
180;21255170;4.870555556;-75.17327778;IDEAM;H;;2995;Andina;14;14.37691386
181;21255501;4.895;-75.04;CENICAFE;5T;;1406;Andina;14;14.37691386
182;22020020;3.045055556;-75.76177778;IDEAM;H;;1760;Andina;19;9.770656205
183;22025040;2.98;-76.06;IDEAM;H;;3956;Andina;19;9.770656205
184;22025501;3.41666667;-75.63305556;CENICAFE;5T;;1235;Andina;19;9.770656205
185;22045010;3.722444444;-75.50344444;IDEAM;H;;895;Andina;18;12.47396368
186;22045502;3.95;-75.66666667;CENICAFE;5T;;3504;Andina;18;12.47396368
187;22055020;3.455777778;-75.53636111;IDEAM;H;;670;Andina;19;9.770656205
188;22065040;3.906916667;-75.48808333;IDEAM;H;;1419;Andina;18;12.47396368
189;22070030;4.124555556;-75.49952778;IDEAM;H;;2577;Andina;18;12.47396368
190;22075050;4.075805556;-75.70083333;IDEAM;H;;3361;Andina;18;12.47396368
191;23015501;5.15563889;-75.00313611;CENICAFE;5T;;1250;Andina;14;14.37691386
192;23020080;5.265611111;-75.14408333;IDEAM;H;;1962;Andina;14;14.37691386
193;23025040;5.301108889;-74.91458056;IDEAM;H;;755;Andina;14;14.37691386
194;23025501;5.16391389;-75.11740833;CENICAFE;5T;;1422;Andina;14;14.37691386
195;23025502;5.04499722;-75.33221944;CENICAFE;5T;;3680;Andina;14;14.37691386
196;23035030;5.492861111;-74.658;IDEAM;H;;167;Andina;14;14.37691386
197;23055501;5.31749722;-74.99610833;CENICAFE;5T;;1409;Andina;14;14.37691386
198;23055502;5.38333333;-75.06638889;CENICAFE;5T;;1612;Andina;14;14.37691386
199;23065110;5.48121;-74.35125;IDEAM;H;;1350;Andina;15;6.64329611
200;23065120;5.141555556;-74.13936111;IDEAM;H;;1901;Andina;15;6.64329611
201;23065160;5.01666667;-74.33333333;CAR;10T;;1104;Andina;15;6.64329611
202;23065180;5.016861111;-74.47097222;IDEAM;H;;843;Andina;15;6.64329611
203;23065190;5.137611111;-74.48125;IDEAM;H;;1075;Andina;15;6.64329611
204;23065501;5.12912778;-74.15769722;CENICAFE;5T;;1809;Andina;15;6.64329611
205;23065502;5.33026667;-74.40156111;CENICAFE;5T;;1484;Andina;15;6.64329611
206;23065503;4.95;-74.4;CENICAFE;5T;;1454;Andina;15;6.64329611
207;23065504;4.87188889;-74.5725;CAR;H;;1544;Andina;15;6.64329611
208;23065505;5.34038889;-74.49516667;CAR;H;;1295;Andina;15;6.64329611
209;23065506;4.86139056;-74.40507944;CAR;10T;;2758;Andina;15;6.64329611
210;23065507;5.12380556;-74.54361111;CAR;10T;10T hasta 2019, luego H;1484;Andina;15;6.64329611
211;23067020;5.4695;-74.59338889;IDEAM;T;Últimos datos H;297;Andina;15;6.64329611
212;23085080;6.483583333;-74.83669444;IDEAM;H;;828;Andina;11;7.150661486
213;23085260;6.131916667;-75.41455556;IDEAM;H;;2119;Andina;11;7.150661486
214;23085270;6.1686111;-75.42611111;IDEAM;H;;2129;Andina;11;7.150661486
215;23085501;6.06194167;-75.18666667;CENICAFE;5T;;1354;Andina;11;7.150661486
216;23097030;6.485138889;-74.40116667;IDEAM;H;1 valor;101;Andina;11;7.150661486
217;23105060;6.774111111;-74.79652778;IDEAM;H;;981;Andina;6;15.46150028
218;23105070;6.571638889;-74.79472222;IDEAM;H;;1106;Andina;11;7.150661486
219;23115010;5.978333333;-74.56666667;IDEAM;H;;141;Andina;11;7.150661486
220;23125140;5.520833333;-74.18241667;IDEAM;H;;1222;Andina;15;6.64329611
221;23125160;5.647027778;-74.07130556;IDEAM;H;;708;Andina;15;6.64329611
222;23125170;5.333333333;-74.01666667;IDEAM;H;;2789;Andina;15;6.64329611
223;23125501;5.65713056;-73.96032778;CENICAFE;5T;;1386;Andina;15;6.64329611
224;23155030;7.026388889;-73.80861111;IDEAM;H;;124;Andina;11;7.150661486
225;23180070;7.39;-73.48944444;IDEAM;H;;152;Andina;7;11.59431877
226;23190130;7.196111111;-72.97055556;IDEAM;H;;1799;Andina;7;11.59431877
227;23190700;6.99333;-73.06778;IDEAM;H;;965;Andina;7;11.59431877
228;23195040;7.144722222;-73.12222222;IDEAM;H;;891;Andina;7;11.59431877
229;23195090;7.36583;-72.9875;IDEAM;H;;1784;Andina;7;11.59431877
230;23195110;7.025555556;-73.16722222;IDEAM;H;;738;Andina;7;11.59431877
231;23195190;7.099527778;-73.06619444;IDEAM;H;;1530;Andina;7;11.59431877
232;23195200;7.47389;-72.99111;IDEAM;H;;1908;Andina;7;11.59431877
233;23195230;7.099997222;-73.11;IDEAM;H;;897;Andina;7;11.59431877
234;23195240;8.123416667;-73.57986111;IDEAM;H;;93;Andina;7;11.59431877
235;23195501;7.09944167;-73.06638611;CENICAFE;5T;;1531;Andina;7;11.59431877
236;23195502;7.121472222;-73.18452778;IDEAM;H;;1163;Andina;7;11.59431877
237;23205050;7.885416667;-74.24097222;IDEAM;H;;1055;Andina;6;15.46150028
238;24010390;5.30530556;-73.61930556;CAR;H;;2822;Andina;15;6.64329611
239;24015110;5.303805556;-73.85175;IDEAM;H;;2622;Andina;15;6.64329611
240;24015300;5.64326;-73.51774;IDEAM;H;;2170;Andina;11;7.150661486
241;24015340;5.28333333;-73.9;CAR;H;;2924;Andina;15;6.64329611
242;24015380;5.34819;-73.89817;IDEAM;H;;2957;Andina;15;6.64329611
243;24015501;5.88277778;-73.57333056;CENICAFE;5T;;1681;Andina;11;7.150661486
244;24015502;6.08860278;-73.44859722;CENICAFE;5T;;1495;Andina;11;7.150661486
245;24015503;6.37302778;-73.20760833;CENICAFE;5T;;1885;Andina;11;7.150661486
246;24015504;5.53567778;-73.64111111;CAR;H;;2232;Andina;15;6.64329611
247;24015506;5.44897222;-73.76905556;CAR;H;;2607;Andina;15;6.64329611
248;24015507;5.39227778;-73.85422222;CAR;10T;10T hasta 2024-04-02, r 163338, luego H;3126;Andina;15;6.64329611
249;24015508;4.30811111;-74.28175;CAR;10T;;2406;Andina;15;6.64329611
250;24015513;5.99669444;-73.67280833;ISAGEN;H;;2125;Andina;11;7.150661486
251;24025030;5.96708;-73.16202;IDEAM;H;;2842;Andina;11;7.150661486
252;24025050;6.274166667;-73.15055556;IDEAM;H;;1295;Andina;11;7.150661486
253;24025090;6.47;-72.96888889;IDEAM;H;;1692;Andina;11;7.150661486
254;24025501;6.49305278;-73.22111111;CENICAFE;5T;;1488;Andina;11;7.150661486
255;24027070;6.444722222;-73.15833333;IDEAM;10T;1 valor;1250;Andina;11;7.150661486
256;24030350;5.830083333;-73.04461111;IDEAM;H;;2613;Andina;7;11.59431877
257;24030680;6.81078;-72.55605;IDEAM;H;;3221;Andina;12;10.59585194
258;24030950;6.706388889;-72.72972222;IDEAM;H;;2195;Andina;7;11.59431877
259;24035250;6.18778;-72.46556;IDEAM;H;;2958;Andina;7;11.59431877
260;24035340;5.676944444;-72.96791667;IDEAM;H;;2482;Andina;7;11.59431877
261;24035360;5.985416667;-72.99702778;IDEAM;H;;3807;Andina;11;7.150661486
262;24035370;6.50675;-72.45275;IDEAM;H;;3500;Andina;7;11.59431877
263;24035380;6.50911;-72.31417;IDEAM;H;;4670;Andina;7;11.59431877
264;24035390;6.94539;-72.69633;IDEAM;H;;3728;Andina;7;11.59431877
265;24035410;5.72647;-72.92067;IDEAM;H;;2480;Andina;7;11.59431877
266;24035430;5.74583;-73.11636;IDEAM;H;;2499;Andina;7;11.59431877
267;24035440;6.493583333;-72.31161111;IDEAM;H;;5030;Andina;7;11.59431877
268;24035501;6.70155;-73.06749167;CENICAFE;5T;;1701;Andina;7;11.59431877
269;24037620;6.490361111;-72.407;IDEAM;H;;3103;Andina;7;11.59431877
270;24055070;6.82339;-73.47206;IDEAM;H;;1095;Andina;11;7.150661486
271;24055080;6.98297;-73.70489;IDEAM;H;;90;Andina;7;11.59431877
272;24055501;6.86356667;-73.38411667;CENICAFE;5T;;1352;Andina;7;11.59431877
273;25010010;7.890277778;-75.68;IDEAM;H;;54;Caribe;6;15.46150028
274;25015020;7.93133333;-75.55405556;EST_PART;H;;49;Caribe;6;15.46150028
275;25025000;9.911972222;-74.08580556;IDEAM;H;;104;Caribe;5;-0.481937599
276;25025002;9.304055556;-74.27363889;IDEAM;H;;29;Caribe;5;-0.481937599
277;25025030;8.295063889;-75.16455556;IDEAM;H;;33;Caribe;6;15.46150028
278;25025100;9.281944444;-74.84527778;IDEAM;H;;58;Caribe;6;15.46150028
279;25025190;8.399333333;-75.58372222;IDEAM;H;;82;Caribe;6;15.46150028
280;25025240;8.542694444;-74.62733306;IDEAM;H;;20;Caribe;6;15.46150028
281;25025270;9.316388889;-75.3875;IDEAM;H;;181;Caribe;6;15.46150028
282;25025280;9.357083333;-75.28925;IDEAM;H;;194;Caribe;6;15.46150028
283;25025330;8.954222222;-73.63008333;IDEAM;H;;74;Caribe;5;-0.481937599
284;25025340;8.596833333;-75.14269444;IDEAM;H;;25;Caribe;6;15.46150028
285;25025350;9.316388889;-75.3875;IDEAM;H;;181;Caribe;6;15.46150028
286;25025360;9.046333333;-73.97083333;IDEAM;H;;31;Caribe;5;-0.481937599
287;25025380;9.163888889;-75.04472222;IDEAM;H;;91;Caribe;6;15.46150028
288;25027720;9.133916667;-73.77280556;IDEAM;H;;27;Caribe;5;-0.481937599
289;26015010;2.474833056;-76.58129361;IDEAM;H;;1804;Andina;21;2.114275684
290;26015030;2.356848889;-76.40354444;IDEAM;H;;3639;Andina;21;2.114275684
291;26015040;2.448041111;-76.43574694;IDEAM;H;;2561;Andina;21;2.114275684
292;26015050;2.191722222;-76.48202778;IDEAM;H;;2993;Andina;21;2.114275684
293;26035090;2.699175;-76.59544444;IDEAM;H;;1750;Andina;21;2.114275684
294;26035100;2.479555556;-76.82775;IDEAM;H;;1736;Andina;21;2.114275684
295;26035501;2.40194167;-76.73833056;CENICAFE;5T;;1736;Andina;21;2.114275684
296;26055100;3.416055556;-76.6515;IDEAM;H;;2248;Andina;17;16.01869045
297;26055110;3.185361111;-76.56930556;IDEAM;H;;983;Andina;17;16.01869045
298;26055120;3.378;-76.53388889;IDEAM;H;;976;Andina;17;16.01869045
299;26055501;3.73838889;-76.22083056;CENICAFE;5T;;1512;Andina;17;16.01869045
300;26065501;3.21558056;-76.68021944;CENICAFE;5T;;1758;Andina;17;16.01869045
301;26065502;2.75055556;-76.57916667;CENICAFE;5T;;1658;Andina;21;2.114275684
302;26075120;3.314055556;-76.18569444;IDEAM;H;;1593;Andina;17;16.01869045
303;26075150;3.532991667;-76.3825;IDEAM;H;;962;Andina;17;16.01869045
304;26075501;3.29146944;-76.17735833;CENICAFE;5T;;1517;Andina;17;16.01869045
305;26085160;3.4255;-76.56061111;IDEAM;H;;1205;Andina;17;16.01869045
306;26085170;3.360416667;-76.29972222;IDEAM;H;;998;Andina;17;16.01869045
307;26085501;5.00133056;-75.998;CENICAFE;5T;;1555;Andina;14;14.37691386
308;26095320;3.360416667;-76.30000556;IDEAM;H;;998;Andina;17;16.01869045
309;26105240;3.879111111;-76.10055556;IDEAM;H;;2111;Andina;17;16.01869045
310;26105250;4.689777778;-75.92519444;IDEAM;H;;924;Andina;14;14.37691386
311;26115090;4.775583333;-76.14427778;IDEAM;H;;1945;Andina;14;14.37691386
312;26115501;4.21361111;-76.31497222;CENICAFE;5T;;1327;Andina;17;16.01869045
313;26125061;4.454722222;-75.76638889;IDEAM;H;;1211;Andina;14;14.37691386
314;26125290;4.531583333;-75.69069444;IDEAM;H;;1431;Andina;14;14.37691386
315;26125300;4.528305556;-75.59638889;IDEAM;H;;2224;Andina;14;14.37691386
316;26125501;4.20441667;-75.76866667;CENICAFE;5T;;1629;Andina;14;14.37691386
317;26125502;4.29755833;-75.86396111;CENICAFE;5T;;1456;Andina;14;14.37691386
318;26125503;4.285;-75.9025;CENICAFE;5T;;1520;Andina;14;14.37691386
319;26125504;4.39555556;-75.73416667;CENICAFE;5T;;1201;Andina;14;14.37691386
320;26125505;4.50111111;-75.67138889;CENICAFE;5T;;1455;Andina;14;14.37691386
321;26125506;4.51833333;-75.7925;CENICAFE;5T;;1250;Andina;14;14.37691386
322;26125507;4.67138889;-75.77721944;CENICAFE;5T;;1254;Andina;14;14.37691386
323;26125508;4.7475;-75.73805556;CENICAFE;5T;;1321;Andina;14;14.37691386
324;26125509;4.29944444;-75.72508056;CENICAFE;5T;;1647;Andina;14;14.37691386
325;26125710;4.812675;-75.73951944;IDEAM;H;;1341;Andina;14;14.37691386
326;26125720;4.40204722;-75.716025;CRQ;H;;1176;Andina;14;14.37691386
327;26125740;4.63277778;-75.45944444;CRQ;H;;2945;Andina;14;14.37691386
328;26125760;4.48166667;-75.63527778;CRQ;H;;1894;Andina;14;14.37691386
329;26135290;4.929583333;-75.73838889;IDEAM;H;;1615;Andina;14;14.37691386
330;26135300;4.728583056;-75.57822222;IDEAM;H;;1874;Andina;14;14.37691386
331;26135310;4.846861111;-75.63563889;IDEAM;H;;1871;Andina;14;14.37691386
332;26135320;4.802611111;-75.38047222;IDEAM;H;;4730;Andina;14;14.37691386
333;26135330;4.776361111;-75.4125;IDEAM;H;;3919;Andina;14;14.37691386
334;26135501;4.86833333;-75.79333333;CENICAFE;5T;;1109;Andina;14;14.37691386
335;26135502;4.91194444;-75.62416389;CENICAFE;5T;;1634;Andina;14;14.37691386
336;26135503;4.97194444;-75.65221944;CENICAFE;5T;;1381;Andina;14;14.37691386
337;26145090;5.207472222;-75.90294444;IDEAM;H;;1773;Andina;14;14.37691386
338;26145501;5.10505556;-75.93305556;CENICAFE;5T;;1809;Andina;14;14.37691386
339;26145503;5.23133056;-75.77961667;CENICAFE;5T;;1609;Andina;14;14.37691386
340;26145504;5.32555278;-75.812775;CENICAFE;5T;;1658;Andina;14;14.37691386
341;26145505;4.97921944;-75.83555556;CENICAFE;5T;;1164;Andina;14;14.37691386
342;26145506;4.98635833;-75.84574722;CENICAFE;5T;;1042;Andina;14;14.37691386
343;26145507;5.038;-75.80599722;CENICAFE;5T;;1491;Andina;14;14.37691386
344;26145508;5.09497222;-75.79174722;CENICAFE;5T;;1730;Andina;14;14.37691386
345;26155110;5.029777778;-75.46991667;IDEAM;H;;2076;Andina;14;14.37691386
346;26155150;4.934527778;-75.35038889;IDEAM;H;;4100;Andina;14;14.37691386
347;26155170;5.032222222;-75.43833333;IDEAM;H;;2337;Andina;14;14.37691386
348;26155220;5.048666667;-75.51388889;IDEAM;H;;1874;Andina;14;14.37691386
349;26155230;5.08525;-75.50713889;IDEAM;H;;2165;Andina;14;14.37691386
350;26155240;4.859444444;-75.38241667;IDEAM;H;;3602;Andina;14;14.37691386
351;26155250;4.829805556;-75.37583333;IDEAM;H;;4378;Andina;14;14.37691386
352;26155260;4.840666667;-75.36161111;IDEAM;H;;4274;Andina;14;14.37691386
353;26155270;4.886611111;-75.42897222;IDEAM;H;;3033;Andina;14;14.37691386
354;26155502;4.99111111;-75.59749722;CENICAFE;5T;;1303;Andina;14;14.37691386
355;26155503;4.98972222;-75.58971944;CENICAFE;5T;;1412;Andina;14;14.37691386
356;26155505;5.070275;-75.68555278;CENICAFE;5T;;1029;Andina;14;14.37691386
357;26157170;4.820388889;-75.37713889;IDEAM;H;;4602;Andina;14;14.37691386
358;26157190;4.900916667;-75.45111111;IDEAM;H;;2680;Andina;14;14.37691386
359;26165501;5.43333333;-75.5;CENICAFE;5T;;1575;Andina;14;14.37691386
360;26165502;5.6;-75.84972222;CENICAFE;5T;;1605;Andina;11;7.150661486
361;26175501;5.45;-75.63305556;CENICAFE;5T;;1449;Andina;14;14.37691386
362;26175502;5.7;-75.65999722;CENICAFE;5T;;663;Andina;11;7.150661486
363;26180180;5.71525;-75.2945;IDEAM;H;;2378;Andina;11;7.150661486
364;26180250;5.35;-75.31777778;IDEAM;H;;3299;Andina;14;14.37691386
365;26185020;5.886361111;-75.31863889;IDEAM;H;;2374;Andina;11;7.150661486
366;26185030;5.799166667;-75.78952778;IDEAM;H;;2268;Andina;11;7.150661486
367;26185050;5.859583333;-75.55627778;IDEAM;H;;1646;Andina;11;7.150661486
368;26185501;5.67771944;-75.34780556;CENICAFE;5T;;1848;Andina;11;7.150661486
369;26195501;5.66010833;-75.91413889;CENICAFE;5T;;1573;Andina;11;7.150661486
370;26195502;5.86866667;-75.99044167;CENICAFE;5T;;1474;Andina;11;7.150661486
371;26200120;6.072944444;-75.79458333;IDEAM;H;2 valores;1373;Andina;11;7.150661486
372;26205501;5.62583056;-75.70527778;CENICAFE;5T;;1414;Andina;11;7.150661486
373;26215501;6.04244167;-75.92149722;CENICAFE;5T;;1991;Andina;11;7.150661486
374;26225060;6.533916667;-75.82733333;IDEAM;H;;512;Andina;11;7.150661486
375;26255030;7.157222222;-75.442275;IDEAM;H;;1104;Andina;6;15.46150028
376;27015280;6.632027778;-75.64444444;IDEAM;H;;3184;Andina;11;7.150661486
377;27015290;6.286333333;-75.61279167;IDEAM;H;;1929;Andina;11;7.150661486
378;27015300;6.253277778;-75.55;IDEAM;H;;1639;Andina;11;7.150661486
379;27015310;6.32975;-75.55211111;IDEAM;H;;1425;Andina;11;7.150661486
380;27015320;6.78;-75.56;IDEAM;H;;2625;Andina;11;7.150661486
381;27015330;6.224679;-75.588225;IDEAM;H;;1488;Andina;11;7.150661486
382;27015501;6.58095833;-75.11487778;CENICAFE;5T;;1547;Andina;11;7.150661486
383;28015070;10.56638889;-73.01638889;IDEAM;H;;227;Caribe;5;-0.481937599
384;28015110;10.36533333;-72.99763889;IDEAM;H;;1755;Caribe;5;-0.481937599
385;28025090;9.85025;-73.26547222;IDEAM;H;;102;Caribe;5;-0.481937599
386;28025120;10.02908333;-73.04619444;IDEAM;H;;2252;Caribe;5;-0.481937599
387;28025130;9.640611111;-73.52394444;IDEAM;H;;59;Caribe;5;-0.481937599
388;28025501;9.53305556;-73.18033056;CENICAFE;5T;;1513;Caribe;5;-0.481937599
389;28025502;10.43616667;-73.24766667;IDEAM;H;;137;Caribe;5;-0.481937599
390;28035060;10.46361111;-73.24805556;IDEAM;H;;165;Caribe;5;-0.481937599
391;28035070;10.73213889;-73.39241667;IDEAM;H;;1282;Caribe;3;10.48394793
392;28045501;10.42;-73.57;CENICAFE;5T;;1186;Caribe;3;10.48394793
393;29004520;11.00638889;-74.785;IDEAM;H;;7;Caribe;4;17.34192196
394;29015000;10.06444444;-74.85222222;IDEAM;H;;19;Caribe;4;17.34192196
395;29015040;9.72;-75.11;IDEAM;H;;157;Caribe;4;17.34192196
396;29035000;10.14258333;-75.27827778;IDEAM;H;;3;Caribe;4;17.34192196
397;29035080;10.45358333;-74.95463889;IDEAM;H;;11;Caribe;4;17.34192196
398;29035200;10.49;-75.12694444;IDEAM;H;;12;Caribe;4;17.34192196
399;29045000;10.63672222;-74.91888889;IDEAM;H;;99;Caribe;4;17.34192196
400;29045110;10.83388889;-75.04611111;IDEAM;H;;58;Caribe;4;17.34192196
401;29045150;7.746027778;-76.4325;IDEAM;H;;487;Andina;6;15.46150028
402;29045180;11.03936111;-74.81975;IDEAM;H;;7;Caribe;4;17.34192196
403;29045190;10.91777778;-74.77972222;IDEAM;H;;23;Caribe;4;17.34192196
404;29065000;10.51002778;-74.50666667;IDEAM;H;;14;Caribe;4;17.34192196
405;29065120;10.46536111;-73.92777778;IDEAM;H;;1202;Caribe;3;10.48394793
406;29065130;10.85;-74.13333333;IDEAM;H;;43;Caribe;4;17.34192196
407;29065140;10.452;-73.97338333;IDEAM;H;;333;Caribe;3;10.48394793
408;29065501;10.9;-74.08;CENICAFE;5T;;1114;Caribe;3;10.48394793
409;31095030;3.874416667;-67.91905556;IDEAM;H;;98;Orinoquía;25;22.31509932
410;32067030;3.79243;-73.92308;IDEAM;H;;667;Andina;23;24.76380332
411;32075501;3.51995;-74.08978611;CENICAFE;5T;;976;Amazonía;23;24.76380332
412;32105080;2.549999722;-72.65;IDEAM;H;;185;Orinoquía;24;15.28516932
413;33035010;4.574416667;-71.34075;IDEAM;H;;168;Orinoquía;13;6.52548999
414;35017020;4.103019444;-72.93638333;IDEAM;10T;2 valores;177;Orinoquía;13;6.52548999
415;35020300;4.253916667;-74.00269444;IDEAM;H;;2283;Andina;12;10.59585194
416;35025080;4.661;-73.82733;IDEAM;H;;3184;Andina;12;10.59585194
417;35025090;4.664888889;-73.84663889;IDEAM;H;;2907;Andina;12;10.59585194
418;35025110;4.057361111;-73.46791667;IDEAM;H;;338;Orinoquía;12;10.59585194
419;35025501;4.29794167;-73.87238889;CENICAFE;5T;;1537;Andina;12;10.59585194
420;35025502;4.55966194;-73.99972222;CAR;10T;10T hasta 2024-07-03, r 160612, luego H;3343;Andina;12;10.59585194
421;35027510;4.6645;-73.86308333;IDEAM;H;;2425;Andina;12;10.59585194
422;35035100;4.14;-73.62;IDEAM;H;;427;Orinoquía;12;10.59585194
423;35035110;4.273861111;-73.58686111;IDEAM;H;;660;Orinoquía;12;10.59585194
424;35035130;4.713666667;-73.80325;IDEAM;H;;3837;Andina;12;10.59585194
425;35037100;4.235333333;-73.63536111;IDEAM;10T;1 valor;533;Orinoquía;12;10.59585194
426;35060210;4.65025;-73.64144444;IDEAM;H;;2160;Andina;12;10.59585194
427;35075040;4.974361111;-73.31675;IDEAM;H;;1742;Andina;12;10.59585194
428;35075070;5.21639;-73.34697;IDEAM;H;;2003;Andina;12;10.59585194
429;35075080;5.39239;-73.56278;IDEAM;H;;3358;Andina;12;10.59585194
430;35075090;5.08333333;-73.65;CAR;H;;2511;Andina;12;10.59585194
431;35080050;5.096361111;-73.05322222;IDEAM;H;;1309;Andina;12;10.59585194
432;35085060;5.294944444;-73.16994444;IDEAM;H;;1407;Andina;12;10.59585194
433;35085070;4.84125;-73.25669444;IDEAM;H;;1079;Andina;12;10.59585194
434;35085080;5.099194444;-73.436;IDEAM;H;;1894;Andina;12;10.59585194
435;35095110;4.65147;-72.91547;IDEAM;H;;345;Orinoquía;12;10.59585194
436;35095120;5.55663;-72.88175;IDEAM;H;;3018;Andina;12;10.59585194
437;35095130;6.362;-72.28201667;IDEAM;H;;4355;Andina;12;10.59585194
438;35105050;4.46865;-72.95364;IDEAM;H;;198;Orinoquía;13;6.52548999
439;35165000;5.574972222;-72.941;IDEAM;H;;3083;Andina;12;10.59585194
440;35185010;4.260361111;-72.56447222;IDEAM;H;;178;Orinoquía;13;6.52548999
441;35195020;5.027257778;-72.86984167;IDEAM;H;;1120;Orinoquía;12;10.59585194
442;35195050;5.407277778;-72.71722222;IDEAM;H;;1512;Orinoquía;12;10.59585194
443;35195060;5.523611111;-72.79097222;IDEAM;H;;2940;Andina;12;10.59585194
444;35215020;5.320444444;-72.3875;IDEAM;H;;313;Orinoquía;12;10.59585194
445;35215030;5.720555556;-72.48847222;IDEAM;H;;1468;Andina;12;10.59585194
446;35225030;4.910472222;-71.43305556;IDEAM;H;;141;Orinoquía;13;6.52548999
447;35235010;6.011666667;-72.52927778;IDEAM;H;;3614;Andina;12;10.59585194
448;35235040;5.419027778;-71.66616667;IDEAM;H;;171;Orinoquía;13;6.52548999
449;35235050;5.818583333;-72.16677778;IDEAM;H;;1003;Orinoquía;12;10.59585194
450;35237040;5.419;-71.666;IDEAM;H;;169;Orinoquía;13;6.52548999
451;35260050;5.561361111;-70.28063889;IDEAM;H;;107;Orinoquía;13;6.52548999
452;36015020;5.816194444;-71.41983333;IDEAM;H;;157;Orinoquía;13;6.52548999
453;36015501;5.87221944;-72.11944167;CENICAFE;5T;;799;Orinoquía;12;10.59585194
454;37015030;7.187;-72.8685;IDEAM;H;;3309;Andina;12;10.59585194
455;37015501;7.29605833;-72.49772778;CENICAFE;5T;;1627;Andina;12;10.59585194
456;37045010;6.946388889;-71.89055556;IDEAM;H;;247;Orinoquía;12;10.59585194
457;44015060;1.157333333;-76.65183333;IDEAM;H;;646;Andina;22;23.03727746
458;44015070;1.082888889;-76.66711111;IDEAM;H;;712;Andina;22;23.03727746
459;44015501;1.08499722;-76.70763889;CENICAFE;5T;;1000;Andina;22;23.03727746
460;44035040;1.733;-75.64502778;IDEAM;H;;600;Andina;23;24.76380332
461;44035050;1.5;-75.66;IDEAM;H;;239;Amazonía;23;24.76380332
462;44035501;1.57381944;-75.3402;CENICAFE;5T;;387;Amazonía;23;24.76380332
463;44045030;1.303361111;-75.80772222;IDEAM;H;;258;Amazonía;23;24.76380332
464;44055010;0.7375;-75.23611111;IDEAM;H;;191;Amazonía;23;24.76380332
465;46015030;2.063;-74.76269444;IDEAM;H;;273;Amazonía;23;24.76380332
466;46035010;1.640222222;-75.16266667;IDEAM;H;;278;Amazonía;23;24.76380332
467;47015100;1.159944444;-77.16147222;IDEAM;H;;2803;Andina;22;23.03727746
468;47035030;-0.173722222;-74.89813889;IDEAM;H;;182;Amazonía;26;15.88245078
469;48015010;-4.194;-69.941;IDEAM;H;;82;Amazonía;26;15.88245078
470;48015040;-3.780305556;-70.36263889;IDEAM;H;;94;Amazonía;26;15.88245078
471;48015050;-4.193861111;-69.94091667;IDEAM;H;;82;Amazonía;26;15.88245078
472;51025060;1.408638889;-78.28161111;IDEAM;H;;506;Andina;21;2.114275684
473;51025080;1.248333333;-78.0925;IDEAM;H;;1004;Andina;21;2.114275684
474;51025090;1.550194444;-78.69558333;IDEAM;H;;15;Pacífico;20;8.453399426
475;51035020;1.819166667;-78.73;IDEAM;H;;0;Pacífico;20;8.453399426
476;52015050;2.032777778;-77.22166667;IDEAM;H;;1641;Andina;21;2.114275684
477;52015501;2.12519167;-77.19266667;CENICAFE;5T;;1709;Andina;21;2.114275684
478;52020070;1.814166667;-76.78288889;IDEAM;H;;2426;Andina;21;2.114275684
479;52025080;1.96;-77.12;IDEAM;H;;598;Andina;21;2.114275684
480;52025090;2.193833333;-76.75033333;IDEAM;H;;1908;Andina;21;2.114275684
481;52025501;2.09294167;-76.81202778;CENICAFE;5T;;1649;Andina;21;2.114275684
482;52035040;1.62;-77.34;IDEAM;H;;951;Andina;21;2.114275684
483;52035501;1.61555556;-77.10971944;CENICAFE;5T;;1599;Andina;21;2.114275684
484;52040050;1.397333333;-77.03052778;IDEAM;H;;2089;Andina;21;2.114275684
485;52045080;1.23;-77.28;IDEAM;H;;2530;Andina;21;2.114275684
486;52050060;1.0995;-77.29972222;IDEAM;H;;2985;Andina;21;2.114275684
487;52050080;1.094166667;-77.39197222;IDEAM;H;;2411;Andina;21;2.114275684
488;52050090;1.05525;-77.49955556;IDEAM;H;;2594;Andina;21;2.114275684
489;52055090;1.107583333;-77.38936111;IDEAM;H;;2739;Andina;21;2.114275684
490;52055150;0.843111111;-77.38880556;IDEAM;H;;3556;Andina;21;2.114275684
491;52055160;0.846583333;-77.92122222;IDEAM;H;;4013;Andina;21;2.114275684
492;52055170;0.930305556;-77.49119444;IDEAM;H;;2430;Andina;21;2.114275684
493;52055210;1.16;-77.27880556;IDEAM;H;;2783;Andina;21;2.114275684
494;52055220;1.070707855;-77.63693569;IDEAM;H;;3031;Andina;21;2.114275684
495;52055230;0.857083333;-77.67775;IDEAM;H;;2962;Andina;21;2.114275684
496;52055501;1.25472222;-77.48777778;CENICAFE;5T;;1596;Andina;21;2.114275684
497;52055502;1.30088889;-77.46035833;CENICAFE;5T;;1752;Andina;21;2.114275684
498;53045040;2.574416667;-77.89475;IDEAM;H;;4;Pacífico;20;8.453399426
499;53075020;2.311416667;-77.25877778;IDEAM;H;;1595;Andina;21;2.114275684
500;53115501;3.61044167;-76.63785833;CENICAFE;5T;;1412;Andina;17;16.01869045
501;53115502;3.80916389;-76.53305556;CENICAFE;5T;;1388;Andina;17;16.01869045
502;54010010;5.15875;-76.68922222;IDEAM;H;;62;Pacífico;10;36.58247136
503;54015010;5.233444444;-76.03163889;IDEAM;H;;1475;Andina;14;14.37691386
504;54015020;5.270111111;-76.55183611;IDEAM;H;;81;Pacífico;10;36.58247136
505;54017040;5.265111111;-76.56275;IDEAM;H;2 valores;74;Pacífico;10;36.58247136
506;54020020;4.955694444;-76.60555556;IDEAM;H;;51;Andina;10;36.58247136
507;54020090;5.0735;-76.67666667;IDEAM;H;;51;Pacífico;10;36.58247136
508;54025010;4.898083333;-76.67666667;IDEAM;H;;44;Pacífico;10;36.58247136
509;54035501;4.72638889;-76.11446944;CENICAFE;5T;;1539;Andina;14;14.37691386
510;54050010;4.716666667;-76.91666667;IDEAM;H;;33;Pacífico;10;36.58247136
511;54077210;3.925147222;-77.34900556;IDEAM;H;;0;Pacífico;16;45.24954504
512;55015010;5.521083333;-76.97316667;IDEAM;H;;21;Pacífico;10;36.58247136
513;55015020;4.958061111;-77.36226389;IDEAM;H;;0;Pacífico;10;36.58247136
514;56010040;5.708055556;-77.26583333;IDEAM;H;;3;Pacífico;10;36.58247136
515;56015010;6.223333333;-77.40444444;IDEAM;H;;7;Pacífico;10;36.58247136
516;56015040;7.104083333;-77.76411111;IDEAM;H;;0;Pacífico;10;36.58247136
517;56019010;6.268638889;-77.43316667;IDEAM;H;;0;Pacífico;10;36.58247136
518;56125730;4.62325;-75.43096111;CRQ;H;;3239;Andina;14;14.37691386
519;57015010;4.096;-81.60883333;EST_PART;H;;;;;31.85010926
520;57025020;2.962944444;-78.17436111;IDEAM;H;;0;Insular;20;8.453399426
521;88112901;;;IDEAM;5T;;;;;11.39211501
522;1111500036;6.6363;-76.07073333;IDEAM;H;;1890;Andina;11;7.150661486
523;1117500060;5.51;-76.58;IDEAM;H;;44;Pacífico;10;36.58247136
524;1206500136;10.40031111;-75.51328056;IDEAM;H;;28;Caribe;4;17.34192196
525;1303500074;8.508777778;-76.17541667;IDEAM;H;;82;Caribe;6;15.46150028
526;1303500129;8.94;-75.45;IDEAM;H;;73;Caribe;6;15.46150028
527;1501500054;11.23052222;-74.05978611;IDEAM;H;;381;Caribe;3;10.48394793
528;1507500207;11.71555556;-72.21444444;IDEAM;H;;26;Caribe;2;3.679334172
529;1508500053;12.33919444;-71.34508056;IDEAM;H;;25;Caribe;2;3.679334172
530;1509500118;11.21015;-73.84445;IDEAM;H;;234;Caribe;2;3.679334172
531;1602500044;7.913166667;-72.80302778;IDEAM;H;;1258;Andina;8;13.68987482
532;1602500063;7.299088889;-72.74576111;IDEAM;H;;2691;Andina;8;13.68987482
533;1602500110;7.645111111;-72.79916944;IDEAM;H;;960;Andina;8;13.68987482
534;2119500111;4.21;-74.64;IDEAM;H;;326;Andina;19;9.770656205
535;2120000099;4.749234;-74.08073;IDIGER;T;;2614;Andina;15;6.64329611
536;2120000100;4.652389;-74.075434;IDIGER;T;;2552;Andina;15;6.64329611
537;2120000102;4.63536944;-74.20540833;IDIGER;T;;2537;Andina;15;6.64329611
538;2120000104;4.81326;-74.03146;IDIGER;T;;2570;Andina;15;6.64329611
539;2120000105;4.763457;-74.021772;IDIGER;T;;2733;Andina;15;6.64329611
540;2120000106;4.5117;-74.16352222;IDIGER;T;;3081;Andina;15;6.64329611
541;2120000107;4.53602;-74.10654;IDIGER;T;;2728;Andina;12;10.59585194
542;2120500050;5.15886;-74.02322;IDEAM;H;;3222;Andina;15;6.64329611
543;2120500135;4.85414;-74.03269;IDEAM;H;;2547;Andina;15;6.64329611
544;2120500204;4.621556111;-74.10470889;IDEAM;H;;2559;Andina;15;6.64329611
545;2120700037;4.556439;-74.125173;IDIGER;T;;2564;Andina;15;6.64329611
546;2120700038;4.56235;-74.148869;IDIGER;T;;2571;Andina;15;6.64329611
547;2120700162;4.63825;-74.52002778;IDEAM;H;;614;Andina;15;6.64329611
548;2121500042;4.600222222;-75.336;IDEAM;H;;2515;Andina;18;12.47396368
549;2121500048;4.418808333;-75.20585;IDEAM;H;;1148;Andina;18;12.47396368
550;2201500047;3.284138889;-75.80245;IDEAM;H;;1722;Andina;18;12.47396368
551;2202500051;3.2058;-75.6542;IDEAM;H;;1603;Andina;19;9.770656205
552;2302500037;5.139917;-75.283361;IDEAM;H;;2343;Andina;14;14.37691386
553;2302500064;5.265055556;-75.14305556;IDEAM;H;;1991;Andina;14;14.37691386
554;2305500055;5.372638889;-75.15013889;IDEAM;H;;2008;Andina;14;14.37691386
555;2306500106;5.00217;-74.53667;IDEAM;H;;1718;Andina;15;6.64329611
556;2308500068;6.13;-75.28;IDEAM;H;;2153;Andina;11;7.150661486
557;2308500071;6.08211;-75.56640167;IDEAM;H;;2577;Andina;11;7.150661486
558;2319500043;7.0568;-73.0906;IDEAM;H;;905;Andina;7;11.59431877
559;2319500125;7.73719;-73.04892;IDEAM;H;;1990;Andina;7;11.59431877
560;2319500137;7.31022;-72.87683;IDEAM;H;;3321;Andina;7;11.59431877
561;2401500040;5.21957;-73.78229;IDEAM;H;;2818;Andina;15;6.64329611
562;2401500052;5.796416667;-73.72666667;IDEAM;H;;2381;Andina;15;6.64329611
563;2401500080;5.634380556;-73.38646944;IDEAM;H;;3213;Andina;11;7.150661486
564;2401500086;5.553611111;-73.35527778;IDEAM;H;;2708;Andina;7;11.59431877
565;2403000117;6.447166667;-72.49769444;IDEAM;H;;2774;Andina;7;11.59431877
566;2403500041;5.78755;-73.05155;IDEAM;H;;2491;Andina;7;11.59431877
567;2403500081;5.749661111;-73.23492222;IDEAM;H;;2548;Andina;7;11.59431877
568;2403500082;5.52478;-73.23377;IDEAM;H;;2788;Andina;7;11.59431877
569;2403500083;5.524;-73.07655;IDEAM;H;;2760;Andina;7;11.59431877
570;2403500084;5.75802;-72.79485;IDEAM;H;;2925;Andina;7;11.59431877
571;2403500085;6.23262;-72.69197;IDEAM;H;;2467;Andina;7;11.59431877
572;2501500120;7.730194444;-75.85158056;IDEAM;H;;128;Caribe;6;15.46150028
573;2603500127;2.542913889;-76.85206111;IDEAM;H;;1810;Andina;21;2.114275684
574;2604500039;3.18;-76.25;IDEAM;H;;1079;Andina;17;16.01869045
575;2604500134;2.952388889;-76.26208333;IDEAM;H;;1764;Andina;21;2.114275684
576;2610500131;3.929055556;-75.94063889;IDEAM;H;;2922;Andina;17;16.01869045
577;2612500038;4.556333333;-75.66955556;IDEAM;H;;1470;Andina;14;14.37691386
578;2612500124;4.331361111;-75.68413889;IDEAM;H;;2111;Andina;14;14.37691386
579;2612500130;4.633475;-75.56885833;IDEAM;H;;1968;Andina;14;14.37691386
580;2612500210;4.65361111;-75.46694444;CRQ;H;;2736;Andina;14;14.37691386
581;2612500211;4.58083333;-75.86416667;CRQ;H;;991;Andina;14;14.37691386
582;2612500212;4.66916667;-75.61583333;CRQ;H;;1989;Andina;14;14.37691386
583;2612500213;4.625;-75.68805556;CRQ;H;;1610;Andina;14;14.37691386
584;2612500214;4.3575;-75.73666667;CRQ;H;;1553;Andina;14;14.37691386
585;2612500215;4.50777778;-75.66027778;CRQ;H;;1471;Andina;14;14.37691386
586;2613500126;4.885680556;-75.55808056;IDEAM;H;;2106;Andina;14;14.37691386
587;2614500112;5.275944444;-75.80016667;IDEAM;H;;1990;Andina;14;14.37691386
588;2614500116;5.593375;-75.79639778;IDEAM;H;;2141;Andina;11;7.150661486
589;2615500122;5.017777778;-75.35658333;IDEAM;H;;3315;Andina;14;14.37691386
590;2621500070;7.161433333;-75.76288611;IDEAM;H;;1813;Andina;11;7.150661486
591;2701500105;6.483830556;-75.34583056;IDEAM;H;;2233;Andina;11;7.150661486
592;2702500107;6.900555556;-75.32601944;IDEAM;H;;1748;Andina;6;15.46150028
593;2801500078;10.86030556;-73.11422222;IDEAM;H;;493;Caribe;3;10.48394793
594;2802500079;10.08869444;-73.73166667;IDEAM;H;;121;Caribe;3;10.48394793
595;2804500076;10.41519444;-73.64355556;IDEAM;H;;977;Caribe;3;10.48394793
596;2805500075;9.238138889;-73.51291667;IDEAM;H;;65;Caribe;5;-0.481937599
597;2901500072;9.672419444;-75.23645833;IDEAM;H;;342;Caribe;4;17.34192196
598;2906500077;10.77175;-74.01913889;IDEAM;H;;1064;Caribe;3;10.48394793
599;3206500045;3.444291;-73.743678;IDEAM;H;;316;Orinoquía;23;24.76380332
600;3206500058;3.51827;-74.00627;IDEAM;H;;650;Amazonía;23;24.76380332
601;3206500059;3.09993;-73.73376;IDEAM;H;;292;Amazonía;23;24.76380332
602;3502500135;4.22553;-73.81481;IDEAM;H;;1271;Andina;12;10.59585194
603;3503500062;4.3502;-73.71152;IDEAM;H;;2014;Andina;12;10.59585194
604;3505500061;4.51;-73.34999722;IDEAM;H;;537;Orinoquía;12;10.59585194
605;3507500046;4.97608;-73.48264;IDEAM;H;;1580;Andina;12;10.59585194
606;3507500133;5.44166;-73.55215;IDEAM;H;;3352;Andina;15;6.64329611
607;3518500127;4.987080556;-72.8651;IDEAM;H;;807;Orinoquía;12;10.59585194
608;3526500201;5.480888889;-70.42130556;IDEAM;H;;114;Orinoquía;13;6.52548999
609;3701500114;7.401216667;-72.550275;IDEAM;H;;2590;Andina;12;10.59585194
610;3701500117;7.40122;-72.55028;IDEAM;H;;2590;Andina;12;10.59585194
611;3702500113;7.099138889;-72.30041944;IDEAM;H;;1483;Andina;12;10.59585194
612;3706500109;7.063780556;-70.73308056;IDEAM;H;;128;Orinoquía;13;6.52548999
613;5102500128;1.157833333;-77.9765;IDEAM;H;;1832;Andina;21;2.114275684
614;5202500132;1.814141667;-76.78283333;IDEAM;H;;2420;Andina;21;2.114275684
615;5205500123;1.054805556;-77.27025;IDEAM;H;;2966;Andina;21;2.114275684
616;5311500056;3.848308333;-76.98701667;IDEAM;H;;27;Pacífico;16;45.24954504
617;5311500121;3.645194444;-76.56475;IDEAM;H;;1637;Andina;17;16.01869045
618;5311500147;3.890083333;-77.07033056;IDEAM;10T;Algunos 5T;6;Pacífico;16;45.24954504
619;5311500149;3.884194444;-77.04938056;IDEAM;10T;;9;Pacífico;16;45.24954504
